model,max_tokens,max_input_tokens,max_output_tokens,input_cost_per_token,output_cost_per_token,litellm_provider,mode,supports_function_calling,supports_parallel_function_calling,supports_vision,source,output_vector_size,input_cost_per_pixel,output_cost_per_pixel,input_cost_per_second,output_cost_per_second,input_cost_per_character,supports_assistant_prefill,input_cost_per_token_cache_hit,supports_tool_choice,tool_use_system_prompt_tokens,output_cost_per_character,input_cost_per_image,input_cost_per_video_per_second,input_cost_per_audio_per_second,input_cost_per_token_above_128k_tokens,input_cost_per_character_above_128k_tokens,output_cost_per_token_above_128k_tokens,output_cost_per_character_above_128k_tokens,output_cost_per_image,output_cost_per_video_per_second,output_cost_per_audio_per_second,supports_system_messages,supports_response_schema,max_images_per_prompt,max_videos_per_prompt,max_video_length,max_audio_length_hours,max_audio_per_prompt,max_pdf_size_mb,cost_per_image,input_cost_per_token_batch_requests,input_cost_per_request
sample_spec,set to max_output_tokens if provider specifies it. IF not set to max_tokens provider specifies,"max input tokens, if the provider specifies it. if not default to max_tokens","max output tokens, if the provider specifies it. if not default to max_tokens",0.0000000000,0.0000000000,one of https://docs.litellm.ai/docs/providers,"one of chat, embedding, completion, image_generation, audio_transcription",True,True,True,,,,,,,,,,,,,,,,,,,,,,,,,,,,,,,,,
gpt-4,4096,8192,4096,0.0000300000,0.0000600000,openai,chat,True,,,,,,,,,,,,,,,,,,,,,,,,,,,,,,,,,,,
gpt-4o,4096,128000,4096,0.0000050000,0.0000150000,openai,chat,True,True,True,,,,,,,,,,,,,,,,,,,,,,,,,,,,,,,,,
gpt-4o-mini,16384,128000,16384,0.0000001500,0.0000006000,openai,chat,True,True,True,,,,,,,,,,,,,,,,,,,,,,,,,,,,,,,,,
gpt-4o-mini-2024-07-18,16384,128000,16384,0.0000001500,0.0000006000,openai,chat,True,True,True,,,,,,,,,,,,,,,,,,,,,,,,,,,,,,,,,
chatgpt-4o-latest,4096,128000,4096,0.0000050000,0.0000150000,openai,chat,True,True,True,,,,,,,,,,,,,,,,,,,,,,,,,,,,,,,,,
gpt-4o-2024-05-13,4096,128000,4096,0.0000050000,0.0000150000,openai,chat,True,True,True,,,,,,,,,,,,,,,,,,,,,,,,,,,,,,,,,
gpt-4o-2024-08-06,16384,128000,16384,0.0000025000,0.0000100000,openai,chat,True,True,True,,,,,,,,,,,,,,,,,,,,,,,,,,,,,,,,,
gpt-4-turbo-preview,4096,128000,4096,0.0000100000,0.0000300000,openai,chat,True,True,,,,,,,,,,,,,,,,,,,,,,,,,,,,,,,,,,
gpt-4-0314,4096,8192,4096,0.0000300000,0.0000600000,openai,chat,,,,,,,,,,,,,,,,,,,,,,,,,,,,,,,,,,,,
gpt-4-0613,4096,8192,4096,0.0000300000,0.0000600000,openai,chat,True,,,,,,,,,,,,,,,,,,,,,,,,,,,,,,,,,,,
gpt-4-32k,4096,32768,4096,0.0000600000,0.0001200000,openai,chat,,,,,,,,,,,,,,,,,,,,,,,,,,,,,,,,,,,,
gpt-4-32k-0314,4096,32768,4096,0.0000600000,0.0001200000,openai,chat,,,,,,,,,,,,,,,,,,,,,,,,,,,,,,,,,,,,
gpt-4-32k-0613,4096,32768,4096,0.0000600000,0.0001200000,openai,chat,,,,,,,,,,,,,,,,,,,,,,,,,,,,,,,,,,,,
gpt-4-turbo,4096,128000,4096,0.0000100000,0.0000300000,openai,chat,True,True,True,,,,,,,,,,,,,,,,,,,,,,,,,,,,,,,,,
gpt-4-turbo-2024-04-09,4096,128000,4096,0.0000100000,0.0000300000,openai,chat,True,True,True,,,,,,,,,,,,,,,,,,,,,,,,,,,,,,,,,
gpt-4-1106-preview,4096,128000,4096,0.0000100000,0.0000300000,openai,chat,True,True,,,,,,,,,,,,,,,,,,,,,,,,,,,,,,,,,,
gpt-4-0125-preview,4096,128000,4096,0.0000100000,0.0000300000,openai,chat,True,True,,,,,,,,,,,,,,,,,,,,,,,,,,,,,,,,,,
gpt-4-vision-preview,4096,128000,4096,0.0000100000,0.0000300000,openai,chat,,,True,,,,,,,,,,,,,,,,,,,,,,,,,,,,,,,,,
gpt-4-1106-vision-preview,4096,128000,4096,0.0000100000,0.0000300000,openai,chat,,,True,,,,,,,,,,,,,,,,,,,,,,,,,,,,,,,,,
gpt-3.5-turbo,4097,16385,4096,0.0000015000,0.0000020000,openai,chat,True,,,,,,,,,,,,,,,,,,,,,,,,,,,,,,,,,,,
gpt-3.5-turbo-0301,4097,4097,4096,0.0000015000,0.0000020000,openai,chat,,,,,,,,,,,,,,,,,,,,,,,,,,,,,,,,,,,,
gpt-3.5-turbo-0613,4097,4097,4096,0.0000015000,0.0000020000,openai,chat,True,,,,,,,,,,,,,,,,,,,,,,,,,,,,,,,,,,,
gpt-3.5-turbo-1106,16385,16385,4096,0.0000010000,0.0000020000,openai,chat,True,True,,,,,,,,,,,,,,,,,,,,,,,,,,,,,,,,,,
gpt-3.5-turbo-0125,16385,16385,4096,0.0000005000,0.0000015000,openai,chat,True,True,,,,,,,,,,,,,,,,,,,,,,,,,,,,,,,,,,
gpt-3.5-turbo-16k,16385,16385,4096,0.0000030000,0.0000040000,openai,chat,,,,,,,,,,,,,,,,,,,,,,,,,,,,,,,,,,,,
gpt-3.5-turbo-16k-0613,16385,16385,4096,0.0000030000,0.0000040000,openai,chat,,,,,,,,,,,,,,,,,,,,,,,,,,,,,,,,,,,,
ft:gpt-3.5-turbo,4097,4097,4096,0.0000030000,0.0000060000,openai,chat,,,,,,,,,,,,,,,,,,,,,,,,,,,,,,,,,,,,
ft:gpt-4-0613,4096,8192,4096,0.0000300000,0.0000600000,openai,chat,True,,,"OpenAI needs to add pricing for this ft model, will be updated when added by OpenAI. Defaulting to base model pricing",,,,,,,,,,,,,,,,,,,,,,,,,,,,,,,,
ft:gpt-4o-mini-2024-07-18,16384,128000,16384,0.0000003000,0.0000012000,openai,chat,True,True,True,,,,,,,,,,,,,,,,,,,,,,,,,,,,,,,,,
ft:davinci-002,16384,16384,4096,0.0000020000,0.0000020000,text-completion-openai,completion,,,,,,,,,,,,,,,,,,,,,,,,,,,,,,,,,,,,
ft:babbage-002,16384,16384,4096,0.0000004000,0.0000004000,text-completion-openai,completion,,,,,,,,,,,,,,,,,,,,,,,,,,,,,,,,,,,,
text-embedding-3-large,8191,8191,,0.0000001300,0.0000000000,openai,embedding,,,,,3072.0000000000,,,,,,,,,,,,,,,,,,,,,,,,,,,,,,,
text-embedding-3-small,8191,8191,,0.0000000200,0.0000000000,openai,embedding,,,,,1536.0000000000,,,,,,,,,,,,,,,,,,,,,,,,,,,,,,,
text-embedding-ada-002,8191,8191,,0.0000001000,0.0000000000,openai,embedding,,,,,1536.0000000000,,,,,,,,,,,,,,,,,,,,,,,,,,,,,,,
text-embedding-ada-002-v2,8191,8191,,0.0000001000,0.0000000000,openai,embedding,,,,,,,,,,,,,,,,,,,,,,,,,,,,,,,,,,,,
text-moderation-stable,32768,32768,0,0.0000000000,0.0000000000,openai,moderations,,,,,,,,,,,,,,,,,,,,,,,,,,,,,,,,,,,,
text-moderation-007,32768,32768,0,0.0000000000,0.0000000000,openai,moderations,,,,,,,,,,,,,,,,,,,,,,,,,,,,,,,,,,,,
text-moderation-latest,32768,32768,0,0.0000000000,0.0000000000,openai,moderations,,,,,,,,,,,,,,,,,,,,,,,,,,,,,,,,,,,,
256-x-256/dall-e-2,,,,,,openai,image_generation,,,,,,0.0000002441,0.0000000000,,,,,,,,,,,,,,,,,,,,,,,,,,,,,
512-x-512/dall-e-2,,,,,,openai,image_generation,,,,,,0.0000000686,0.0000000000,,,,,,,,,,,,,,,,,,,,,,,,,,,,,
1024-x-1024/dall-e-2,,,,,,openai,image_generation,,,,,,0.0000000190,0.0000000000,,,,,,,,,,,,,,,,,,,,,,,,,,,,,
hd/1024-x-1792/dall-e-3,,,,,,openai,image_generation,,,,,,0.0000000654,0.0000000000,,,,,,,,,,,,,,,,,,,,,,,,,,,,,
hd/1792-x-1024/dall-e-3,,,,,,openai,image_generation,,,,,,0.0000000654,0.0000000000,,,,,,,,,,,,,,,,,,,,,,,,,,,,,
hd/1024-x-1024/dall-e-3,,,,,,openai,image_generation,,,,,,0.0000000763,0.0000000000,,,,,,,,,,,,,,,,,,,,,,,,,,,,,
standard/1024-x-1792/dall-e-3,,,,,,openai,image_generation,,,,,,0.0000000436,0.0000000000,,,,,,,,,,,,,,,,,,,,,,,,,,,,,
standard/1792-x-1024/dall-e-3,,,,,,openai,image_generation,,,,,,0.0000000436,0.0000000000,,,,,,,,,,,,,,,,,,,,,,,,,,,,,
standard/1024-x-1024/dall-e-3,,,,,,openai,image_generation,,,,,,0.0000000381,0.0000000000,,,,,,,,,,,,,,,,,,,,,,,,,,,,,
whisper-1,,,,,,openai,audio_transcription,,,,,,,,0.0000000000,0.0001000000,,,,,,,,,,,,,,,,,,,,,,,,,,,
tts-1,,,,,,openai,audio_speech,,,,,,,,,,0.0000150000,,,,,,,,,,,,,,,,,,,,,,,,,,
tts-1-hd,,,,,,openai,audio_speech,,,,,,,,,,0.0000300000,,,,,,,,,,,,,,,,,,,,,,,,,,
azure/tts-1,,,,,,azure,audio_speech,,,,,,,,,,0.0000150000,,,,,,,,,,,,,,,,,,,,,,,,,,
azure/tts-1-hd,,,,,,azure,audio_speech,,,,,,,,,,0.0000300000,,,,,,,,,,,,,,,,,,,,,,,,,,
azure/whisper-1,,,,,,azure,audio_transcription,,,,,,,,0.0000000000,0.0001000000,,,,,,,,,,,,,,,,,,,,,,,,,,,
azure/gpt-4o,4096,128000,4096,0.0000050000,0.0000150000,azure,chat,True,True,True,,,,,,,,,,,,,,,,,,,,,,,,,,,,,,,,,
azure/global-standard/gpt-4o-mini,16384,128000,16384,0.0000001500,0.0000006000,azure,chat,True,True,True,,,,,,,,,,,,,,,,,,,,,,,,,,,,,,,,,
azure/gpt-4o-mini,16384,128000,16384,0.0000001650,0.0000006600,azure,chat,True,True,True,,,,,,,,,,,,,,,,,,,,,,,,,,,,,,,,,
azure/gpt-4-turbo-2024-04-09,4096,128000,4096,0.0000100000,0.0000300000,azure,chat,True,True,True,,,,,,,,,,,,,,,,,,,,,,,,,,,,,,,,,
azure/gpt-4-0125-preview,4096,128000,4096,0.0000100000,0.0000300000,azure,chat,True,True,,,,,,,,,,,,,,,,,,,,,,,,,,,,,,,,,,
azure/gpt-4-1106-preview,4096,128000,4096,0.0000100000,0.0000300000,azure,chat,True,True,,,,,,,,,,,,,,,,,,,,,,,,,,,,,,,,,,
azure/gpt-4-0613,4096,8192,4096,0.0000300000,0.0000600000,azure,chat,True,,,,,,,,,,,,,,,,,,,,,,,,,,,,,,,,,,,
azure/gpt-4-32k-0613,4096,32768,4096,0.0000600000,0.0001200000,azure,chat,,,,,,,,,,,,,,,,,,,,,,,,,,,,,,,,,,,,
azure/gpt-4-32k,4096,32768,4096,0.0000600000,0.0001200000,azure,chat,,,,,,,,,,,,,,,,,,,,,,,,,,,,,,,,,,,,
azure/gpt-4,4096,8192,4096,0.0000300000,0.0000600000,azure,chat,True,,,,,,,,,,,,,,,,,,,,,,,,,,,,,,,,,,,
azure/gpt-4-turbo,4096,128000,4096,0.0000100000,0.0000300000,azure,chat,True,True,,,,,,,,,,,,,,,,,,,,,,,,,,,,,,,,,,
azure/gpt-4-turbo-vision-preview,4096,128000,4096,0.0000100000,0.0000300000,azure,chat,,,True,,,,,,,,,,,,,,,,,,,,,,,,,,,,,,,,,
azure/gpt-35-turbo-16k-0613,4096,16385,4096,0.0000030000,0.0000040000,azure,chat,True,,,,,,,,,,,,,,,,,,,,,,,,,,,,,,,,,,,
azure/gpt-35-turbo-1106,4096,16384,4096,0.0000010000,0.0000020000,azure,chat,True,True,,,,,,,,,,,,,,,,,,,,,,,,,,,,,,,,,,
azure/gpt-35-turbo-0125,4096,16384,4096,0.0000005000,0.0000015000,azure,chat,True,True,,,,,,,,,,,,,,,,,,,,,,,,,,,,,,,,,,
azure/gpt-35-turbo-16k,4096,16385,4096,0.0000030000,0.0000040000,azure,chat,,,,,,,,,,,,,,,,,,,,,,,,,,,,,,,,,,,,
azure/gpt-35-turbo,4096,4097,4096,0.0000005000,0.0000015000,azure,chat,True,,,,,,,,,,,,,,,,,,,,,,,,,,,,,,,,,,,
azure/gpt-3.5-turbo-instruct-0914,4097,4097,,0.0000015000,0.0000020000,text-completion-openai,completion,,,,,,,,,,,,,,,,,,,,,,,,,,,,,,,,,,,,
azure/gpt-35-turbo-instruct,4097,4097,,0.0000015000,0.0000020000,text-completion-openai,completion,,,,,,,,,,,,,,,,,,,,,,,,,,,,,,,,,,,,
azure/mistral-large-latest,32000,32000,,0.0000080000,0.0000240000,azure,chat,True,,,,,,,,,,,,,,,,,,,,,,,,,,,,,,,,,,,
azure/mistral-large-2402,32000,32000,,0.0000080000,0.0000240000,azure,chat,True,,,,,,,,,,,,,,,,,,,,,,,,,,,,,,,,,,,
azure/command-r-plus,4096,128000,4096,0.0000030000,0.0000150000,azure,chat,True,,,,,,,,,,,,,,,,,,,,,,,,,,,,,,,,,,,
azure/ada,8191,8191,,0.0000001000,0.0000000000,azure,embedding,,,,,,,,,,,,,,,,,,,,,,,,,,,,,,,,,,,,
azure/text-embedding-ada-002,8191,8191,,0.0000001000,0.0000000000,azure,embedding,,,,,,,,,,,,,,,,,,,,,,,,,,,,,,,,,,,,
azure/text-embedding-3-large,8191,8191,,0.0000001300,0.0000000000,azure,embedding,,,,,,,,,,,,,,,,,,,,,,,,,,,,,,,,,,,,
azure/text-embedding-3-small,8191,8191,,0.0000000200,0.0000000000,azure,embedding,,,,,,,,,,,,,,,,,,,,,,,,,,,,,,,,,,,,
azure/standard/1024-x-1024/dall-e-3,,,,,0.0000000000,azure,image_generation,,,,,,0.0000000381,,,,,,,,,,,,,,,,,,,,,,,,,,,,,,
azure/hd/1024-x-1024/dall-e-3,,,,,0.0000000000,azure,image_generation,,,,,,0.0000000763,,,,,,,,,,,,,,,,,,,,,,,,,,,,,,
azure/standard/1024-x-1792/dall-e-3,,,,,0.0000000000,azure,image_generation,,,,,,0.0000000436,,,,,,,,,,,,,,,,,,,,,,,,,,,,,,
azure/standard/1792-x-1024/dall-e-3,,,,,0.0000000000,azure,image_generation,,,,,,0.0000000436,,,,,,,,,,,,,,,,,,,,,,,,,,,,,,
azure/hd/1024-x-1792/dall-e-3,,,,,0.0000000000,azure,image_generation,,,,,,0.0000000654,,,,,,,,,,,,,,,,,,,,,,,,,,,,,,
azure/hd/1792-x-1024/dall-e-3,,,,,0.0000000000,azure,image_generation,,,,,,0.0000000654,,,,,,,,,,,,,,,,,,,,,,,,,,,,,,
azure/standard/1024-x-1024/dall-e-2,,,,,0.0000000000,azure,image_generation,,,,,,0.0000000000,,,,,,,,,,,,,,,,,,,,,,,,,,,,,,
azure_ai/jamba-instruct,4096,70000,4096,0.0000005000,0.0000007000,azure_ai,chat,,,,,,,,,,,,,,,,,,,,,,,,,,,,,,,,,,,,
azure_ai/mistral-large,8191,32000,8191,0.0000040000,0.0000120000,azure_ai,chat,True,,,,,,,,,,,,,,,,,,,,,,,,,,,,,,,,,,,
azure_ai/mistral-small,8191,32000,8191,0.0000010000,0.0000030000,azure_ai,chat,True,,,,,,,,,,,,,,,,,,,,,,,,,,,,,,,,,,,
azure_ai/Meta-Llama-3-70B-Instruct,8192,8192,8192,0.0000011000,0.0000003700,azure_ai,chat,,,,,,,,,,,,,,,,,,,,,,,,,,,,,,,,,,,,
azure_ai/Meta-Llama-31-8B-Instruct,128000,128000,128000,0.0000003000,0.0000006100,azure_ai,chat,,,,https://azuremarketplace.microsoft.com/en-us/marketplace/apps/metagenai.meta-llama-3-1-8b-instruct-offer?tab=PlansAndPrice,,,,,,,,,,,,,,,,,,,,,,,,,,,,,,,,
azure_ai/Meta-Llama-31-70B-Instruct,128000,128000,128000,0.0000026800,0.0000035400,azure_ai,chat,,,,https://azuremarketplace.microsoft.com/en-us/marketplace/apps/metagenai.meta-llama-3-1-70b-instruct-offer?tab=PlansAndPrice,,,,,,,,,,,,,,,,,,,,,,,,,,,,,,,,
azure_ai/Meta-Llama-31-405B-Instruct,128000,128000,128000,0.0000053300,0.0000160000,azure_ai,chat,,,,https://azuremarketplace.microsoft.com/en-us/marketplace/apps/metagenai.meta-llama-3-1-405b-instruct-offer?tab=PlansAndPrice,,,,,,,,,,,,,,,,,,,,,,,,,,,,,,,,
babbage-002,16384,16384,4096,0.0000004000,0.0000004000,text-completion-openai,completion,,,,,,,,,,,,,,,,,,,,,,,,,,,,,,,,,,,,
davinci-002,16384,16384,4096,0.0000020000,0.0000020000,text-completion-openai,completion,,,,,,,,,,,,,,,,,,,,,,,,,,,,,,,,,,,,
gpt-3.5-turbo-instruct,4096,8192,4096,0.0000015000,0.0000020000,text-completion-openai,completion,,,,,,,,,,,,,,,,,,,,,,,,,,,,,,,,,,,,
gpt-3.5-turbo-instruct-0914,4097,8192,4097,0.0000015000,0.0000020000,text-completion-openai,completion,,,,,,,,,,,,,,,,,,,,,,,,,,,,,,,,,,,,
claude-instant-1,8191,100000,8191,0.0000016300,0.0000055100,anthropic,chat,,,,,,,,,,,,,,,,,,,,,,,,,,,,,,,,,,,,
mistral/mistral-tiny,8191,32000,8191,0.0000002500,0.0000002500,mistral,chat,,,,,,,,,,,True,,,,,,,,,,,,,,,,,,,,,,,,,
mistral/mistral-small,8191,32000,8191,0.0000010000,0.0000030000,mistral,chat,True,,,,,,,,,,True,,,,,,,,,,,,,,,,,,,,,,,,,
mistral/mistral-small-latest,8191,32000,8191,0.0000010000,0.0000030000,mistral,chat,True,,,,,,,,,,True,,,,,,,,,,,,,,,,,,,,,,,,,
mistral/mistral-medium,8191,32000,8191,0.0000027000,0.0000081000,mistral,chat,,,,,,,,,,,True,,,,,,,,,,,,,,,,,,,,,,,,,
mistral/mistral-medium-latest,8191,32000,8191,0.0000027000,0.0000081000,mistral,chat,,,,,,,,,,,True,,,,,,,,,,,,,,,,,,,,,,,,,
mistral/mistral-medium-2312,8191,32000,8191,0.0000027000,0.0000081000,mistral,chat,,,,,,,,,,,True,,,,,,,,,,,,,,,,,,,,,,,,,
mistral/mistral-large-latest,128000,128000,128000,0.0000030000,0.0000090000,mistral,chat,True,,,,,,,,,,True,,,,,,,,,,,,,,,,,,,,,,,,,
mistral/mistral-large-2402,8191,32000,8191,0.0000040000,0.0000120000,mistral,chat,True,,,,,,,,,,True,,,,,,,,,,,,,,,,,,,,,,,,,
mistral/mistral-large-2407,128000,128000,128000,0.0000030000,0.0000090000,mistral,chat,True,,,,,,,,,,True,,,,,,,,,,,,,,,,,,,,,,,,,
mistral/open-mistral-7b,8191,32000,8191,0.0000002500,0.0000002500,mistral,chat,,,,,,,,,,,True,,,,,,,,,,,,,,,,,,,,,,,,,
mistral/open-mixtral-8x7b,8191,32000,8191,0.0000007000,0.0000007000,mistral,chat,True,,,,,,,,,,True,,,,,,,,,,,,,,,,,,,,,,,,,
mistral/open-mixtral-8x22b,8191,64000,8191,0.0000020000,0.0000060000,mistral,chat,True,,,,,,,,,,True,,,,,,,,,,,,,,,,,,,,,,,,,
mistral/codestral-latest,8191,32000,8191,0.0000010000,0.0000030000,mistral,chat,,,,,,,,,,,True,,,,,,,,,,,,,,,,,,,,,,,,,
mistral/codestral-2405,8191,32000,8191,0.0000010000,0.0000030000,mistral,chat,,,,,,,,,,,True,,,,,,,,,,,,,,,,,,,,,,,,,
mistral/open-mistral-nemo,128000,128000,128000,0.0000003000,0.0000003000,mistral,chat,,,,https://mistral.ai/technology/,,,,,,,True,,,,,,,,,,,,,,,,,,,,,,,,,
mistral/open-mistral-nemo-2407,128000,128000,128000,0.0000003000,0.0000003000,mistral,chat,,,,https://mistral.ai/technology/,,,,,,,True,,,,,,,,,,,,,,,,,,,,,,,,,
mistral/open-codestral-mamba,256000,256000,256000,0.0000002500,0.0000002500,mistral,chat,,,,https://mistral.ai/technology/,,,,,,,True,,,,,,,,,,,,,,,,,,,,,,,,,
mistral/codestral-mamba-latest,256000,256000,256000,0.0000002500,0.0000002500,mistral,chat,,,,https://mistral.ai/technology/,,,,,,,True,,,,,,,,,,,,,,,,,,,,,,,,,
mistral/mistral-embed,8192,8192,,0.0000001000,,mistral,embedding,,,,,,,,,,,,,,,,,,,,,,,,,,,,,,,,,,,,
deepseek-chat,4096,32000,4096,0.0000001400,0.0000002800,deepseek,chat,True,,,,,,,,,,True,0.0000000140,True,,,,,,,,,,,,,,,,,,,,,,,
codestral/codestral-latest,8191,32000,8191,0.0000000000,0.0000000000,codestral,chat,,,,https://docs.mistral.ai/capabilities/code_generation/,,,,,,,True,,,,,,,,,,,,,,,,,,,,,,,,,
codestral/codestral-2405,8191,32000,8191,0.0000000000,0.0000000000,codestral,chat,,,,https://docs.mistral.ai/capabilities/code_generation/,,,,,,,True,,,,,,,,,,,,,,,,,,,,,,,,,
text-completion-codestral/codestral-latest,8191,32000,8191,0.0000000000,0.0000000000,text-completion-codestral,completion,,,,https://docs.mistral.ai/capabilities/code_generation/,,,,,,,,,,,,,,,,,,,,,,,,,,,,,,,,
text-completion-codestral/codestral-2405,8191,32000,8191,0.0000000000,0.0000000000,text-completion-codestral,completion,,,,https://docs.mistral.ai/capabilities/code_generation/,,,,,,,,,,,,,,,,,,,,,,,,,,,,,,,,
deepseek-coder,4096,128000,4096,0.0000001400,0.0000002800,deepseek,chat,True,,,,,,,,,,True,0.0000000140,True,,,,,,,,,,,,,,,,,,,,,,,
groq/llama2-70b-4096,4096,4096,4096,0.0000007000,0.0000008000,groq,chat,True,,,,,,,,,,,,,,,,,,,,,,,,,,,,,,,,,,,
groq/llama3-8b-8192,8192,8192,8192,0.0000000500,0.0000000800,groq,chat,True,,,,,,,,,,,,,,,,,,,,,,,,,,,,,,,,,,,
groq/llama3-70b-8192,8192,8192,8192,0.0000005900,0.0000007900,groq,chat,True,,,,,,,,,,,,,,,,,,,,,,,,,,,,,,,,,,,
groq/llama-3.1-8b-instant,8192,8192,8192,0.0000005900,0.0000007900,groq,chat,True,,,,,,,,,,,,,,,,,,,,,,,,,,,,,,,,,,,
groq/llama-3.1-70b-versatile,8192,8192,8192,0.0000005900,0.0000007900,groq,chat,True,,,,,,,,,,,,,,,,,,,,,,,,,,,,,,,,,,,
groq/llama-3.1-405b-reasoning,8192,8192,8192,0.0000005900,0.0000007900,groq,chat,True,,,,,,,,,,,,,,,,,,,,,,,,,,,,,,,,,,,
groq/mixtral-8x7b-32768,32768,32768,32768,0.0000002400,0.0000002400,groq,chat,True,,,,,,,,,,,,,,,,,,,,,,,,,,,,,,,,,,,
groq/gemma-7b-it,8192,8192,8192,0.0000000700,0.0000000700,groq,chat,True,,,,,,,,,,,,,,,,,,,,,,,,,,,,,,,,,,,
groq/llama3-groq-70b-8192-tool-use-preview,8192,8192,8192,0.0000008900,0.0000008900,groq,chat,True,,,,,,,,,,,,,,,,,,,,,,,,,,,,,,,,,,,
groq/llama3-groq-8b-8192-tool-use-preview,8192,8192,8192,0.0000001900,0.0000001900,groq,chat,True,,,,,,,,,,,,,,,,,,,,,,,,,,,,,,,,,,,
friendliai/mixtral-8x7b-instruct-v0-1,32768,32768,32768,0.0000004000,0.0000004000,friendliai,chat,True,,,,,,,,,,,,,,,,,,,,,,,,,,,,,,,,,,,
friendliai/meta-llama-3-8b-instruct,8192,8192,8192,0.0000001000,0.0000001000,friendliai,chat,True,,,,,,,,,,,,,,,,,,,,,,,,,,,,,,,,,,,
friendliai/meta-llama-3-70b-instruct,8192,8192,8192,0.0000008000,0.0000008000,friendliai,chat,True,,,,,,,,,,,,,,,,,,,,,,,,,,,,,,,,,,,
claude-instant-1.2,8191,100000,8191,0.0000001630,0.0000005510,anthropic,chat,,,,,,,,,,,,,,,,,,,,,,,,,,,,,,,,,,,,
claude-2,8191,100000,8191,0.0000080000,0.0000240000,anthropic,chat,,,,,,,,,,,,,,,,,,,,,,,,,,,,,,,,,,,,
claude-2.1,8191,200000,8191,0.0000080000,0.0000240000,anthropic,chat,,,,,,,,,,,,,,,,,,,,,,,,,,,,,,,,,,,,
claude-3-haiku-20240307,4096,200000,4096,0.0000002500,0.0000012500,anthropic,chat,True,,True,,,,,,,,True,,,264.0000000000,,,,,,,,,,,,,,,,,,,,,,
claude-3-opus-20240229,4096,200000,4096,0.0000150000,0.0000750000,anthropic,chat,True,,True,,,,,,,,True,,,395.0000000000,,,,,,,,,,,,,,,,,,,,,,
claude-3-sonnet-20240229,4096,200000,4096,0.0000030000,0.0000150000,anthropic,chat,True,,True,,,,,,,,True,,,159.0000000000,,,,,,,,,,,,,,,,,,,,,,
claude-3-5-sonnet-20240620,4096,200000,4096,0.0000030000,0.0000150000,anthropic,chat,True,,True,,,,,,,,True,,,159.0000000000,,,,,,,,,,,,,,,,,,,,,,
text-bison,2048,8192,2048,,,vertex_ai-text-models,completion,,,,https://cloud.google.com/vertex-ai/generative-ai/docs/learn/models#foundation_models,,,,,,0.0000002500,,,,,0.0000005000,,,,,,,,,,,,,,,,,,,,,
text-bison@001,1024,8192,1024,,,vertex_ai-text-models,completion,,,,https://cloud.google.com/vertex-ai/generative-ai/docs/learn/models#foundation_models,,,,,,0.0000002500,,,,,0.0000005000,,,,,,,,,,,,,,,,,,,,,
text-bison@002,1024,8192,1024,,,vertex_ai-text-models,completion,,,,https://cloud.google.com/vertex-ai/generative-ai/docs/learn/models#foundation_models,,,,,,0.0000002500,,,,,0.0000005000,,,,,,,,,,,,,,,,,,,,,
text-bison32k,1024,8192,1024,0.0000001250,0.0000001250,vertex_ai-text-models,completion,,,,https://cloud.google.com/vertex-ai/generative-ai/docs/learn/models#foundation_models,,,,,,0.0000002500,,,,,0.0000005000,,,,,,,,,,,,,,,,,,,,,
text-bison32k@002,1024,8192,1024,0.0000001250,0.0000001250,vertex_ai-text-models,completion,,,,https://cloud.google.com/vertex-ai/generative-ai/docs/learn/models#foundation_models,,,,,,0.0000002500,,,,,0.0000005000,,,,,,,,,,,,,,,,,,,,,
text-unicorn,1024,8192,1024,0.0000100000,0.0000280000,vertex_ai-text-models,completion,,,,https://cloud.google.com/vertex-ai/generative-ai/docs/learn/models#foundation_models,,,,,,,,,,,,,,,,,,,,,,,,,,,,,,,,
text-unicorn@001,1024,8192,1024,0.0000100000,0.0000280000,vertex_ai-text-models,completion,,,,https://cloud.google.com/vertex-ai/generative-ai/docs/learn/models#foundation_models,,,,,,,,,,,,,,,,,,,,,,,,,,,,,,,,
chat-bison,4096,8192,4096,0.0000001250,0.0000001250,vertex_ai-chat-models,chat,,,,https://cloud.google.com/vertex-ai/generative-ai/docs/learn/models#foundation_models,,,,,,0.0000002500,,,,,0.0000005000,,,,,,,,,,,,,,,,,,,,,
chat-bison@001,4096,8192,4096,0.0000001250,0.0000001250,vertex_ai-chat-models,chat,,,,https://cloud.google.com/vertex-ai/generative-ai/docs/learn/models#foundation_models,,,,,,0.0000002500,,,,,0.0000005000,,,,,,,,,,,,,,,,,,,,,
chat-bison@002,4096,8192,4096,0.0000001250,0.0000001250,vertex_ai-chat-models,chat,,,,https://cloud.google.com/vertex-ai/generative-ai/docs/learn/models#foundation_models,,,,,,0.0000002500,,,,,0.0000005000,,,,,,,,,,,,,,,,,,,,,
chat-bison-32k,8192,32000,8192,0.0000001250,0.0000001250,vertex_ai-chat-models,chat,,,,https://cloud.google.com/vertex-ai/generative-ai/docs/learn/models#foundation_models,,,,,,0.0000002500,,,,,0.0000005000,,,,,,,,,,,,,,,,,,,,,
chat-bison-32k@002,8192,32000,8192,0.0000001250,0.0000001250,vertex_ai-chat-models,chat,,,,https://cloud.google.com/vertex-ai/generative-ai/docs/learn/models#foundation_models,,,,,,0.0000002500,,,,,0.0000005000,,,,,,,,,,,,,,,,,,,,,
code-bison,1024,6144,1024,0.0000001250,0.0000001250,vertex_ai-code-text-models,chat,,,,https://cloud.google.com/vertex-ai/generative-ai/docs/learn/models#foundation_models,,,,,,0.0000002500,,,,,0.0000005000,,,,,,,,,,,,,,,,,,,,,
code-bison@001,1024,6144,1024,0.0000001250,0.0000001250,vertex_ai-code-text-models,completion,,,,https://cloud.google.com/vertex-ai/generative-ai/docs/learn/models#foundation_models,,,,,,0.0000002500,,,,,0.0000005000,,,,,,,,,,,,,,,,,,,,,
code-bison@002,1024,6144,1024,0.0000001250,0.0000001250,vertex_ai-code-text-models,completion,,,,https://cloud.google.com/vertex-ai/generative-ai/docs/learn/models#foundation_models,,,,,,0.0000002500,,,,,0.0000005000,,,,,,,,,,,,,,,,,,,,,
code-bison32k,1024,6144,1024,0.0000001250,0.0000001250,vertex_ai-code-text-models,completion,,,,https://cloud.google.com/vertex-ai/generative-ai/docs/learn/models#foundation_models,,,,,,0.0000002500,,,,,0.0000005000,,,,,,,,,,,,,,,,,,,,,
code-bison-32k@002,1024,6144,1024,0.0000001250,0.0000001250,vertex_ai-code-text-models,completion,,,,https://cloud.google.com/vertex-ai/generative-ai/docs/learn/models#foundation_models,,,,,,0.0000002500,,,,,0.0000005000,,,,,,,,,,,,,,,,,,,,,
code-gecko@001,64,2048,64,0.0000001250,0.0000001250,vertex_ai-code-text-models,completion,,,,https://cloud.google.com/vertex-ai/generative-ai/docs/learn/models#foundation_models,,,,,,,,,,,,,,,,,,,,,,,,,,,,,,,,
code-gecko@002,64,2048,64,0.0000001250,0.0000001250,vertex_ai-code-text-models,completion,,,,https://cloud.google.com/vertex-ai/generative-ai/docs/learn/models#foundation_models,,,,,,,,,,,,,,,,,,,,,,,,,,,,,,,,
code-gecko,64,2048,64,0.0000001250,0.0000001250,vertex_ai-code-text-models,completion,,,,https://cloud.google.com/vertex-ai/generative-ai/docs/learn/models#foundation_models,,,,,,,,,,,,,,,,,,,,,,,,,,,,,,,,
code-gecko-latest,64,2048,64,0.0000001250,0.0000001250,vertex_ai-code-text-models,completion,,,,https://cloud.google.com/vertex-ai/generative-ai/docs/learn/models#foundation_models,,,,,,,,,,,,,,,,,,,,,,,,,,,,,,,,
codechat-bison@latest,1024,6144,1024,0.0000001250,0.0000001250,vertex_ai-code-chat-models,chat,,,,https://cloud.google.com/vertex-ai/generative-ai/docs/learn/models#foundation_models,,,,,,0.0000002500,,,,,0.0000005000,,,,,,,,,,,,,,,,,,,,,
codechat-bison,1024,6144,1024,0.0000001250,0.0000001250,vertex_ai-code-chat-models,chat,,,,https://cloud.google.com/vertex-ai/generative-ai/docs/learn/models#foundation_models,,,,,,0.0000002500,,,,,0.0000005000,,,,,,,,,,,,,,,,,,,,,
codechat-bison@001,1024,6144,1024,0.0000001250,0.0000001250,vertex_ai-code-chat-models,chat,,,,https://cloud.google.com/vertex-ai/generative-ai/docs/learn/models#foundation_models,,,,,,0.0000002500,,,,,0.0000005000,,,,,,,,,,,,,,,,,,,,,
codechat-bison@002,1024,6144,1024,0.0000001250,0.0000001250,vertex_ai-code-chat-models,chat,,,,https://cloud.google.com/vertex-ai/generative-ai/docs/learn/models#foundation_models,,,,,,0.0000002500,,,,,0.0000005000,,,,,,,,,,,,,,,,,,,,,
codechat-bison-32k,8192,32000,8192,0.0000001250,0.0000001250,vertex_ai-code-chat-models,chat,,,,https://cloud.google.com/vertex-ai/generative-ai/docs/learn/models#foundation_models,,,,,,0.0000002500,,,,,0.0000005000,,,,,,,,,,,,,,,,,,,,,
codechat-bison-32k@002,8192,32000,8192,0.0000001250,0.0000001250,vertex_ai-code-chat-models,chat,,,,https://cloud.google.com/vertex-ai/generative-ai/docs/learn/models#foundation_models,,,,,,0.0000002500,,,,,0.0000005000,,,,,,,,,,,,,,,,,,,,,
gemini-pro,8192,32760,8192,0.0000005000,0.0000015000,vertex_ai-language-models,chat,True,,,https://cloud.google.com/vertex-ai/generative-ai/pricing,,,,,,0.0000001250,,,,,0.0000003750,0.0025000000,0.0020000000,,,,,,,,,,,,,,,,,,,
gemini-1.0-pro,8192,32760,8192,0.0000005000,0.0000015000,vertex_ai-language-models,chat,True,,,https://cloud.google.com/vertex-ai/generative-ai/pricing#google_models,,,,,,0.0000001250,,,,,0.0000003750,0.0025000000,0.0020000000,,,,,,,,,,,,,,,,,,,
gemini-1.0-pro-001,8192,32760,8192,0.0000005000,0.0000015000,vertex_ai-language-models,chat,True,,,https://cloud.google.com/vertex-ai/generative-ai/docs/learn/models#foundation_models,,,,,,0.0000001250,,,,,0.0000003750,0.0025000000,0.0020000000,,,,,,,,,,,,,,,,,,,
gemini-1.0-ultra,8192,8192,2048,0.0000005000,0.0000015000,vertex_ai-language-models,chat,True,,,"As of Jun, 2024. There is no available doc on vertex ai pricing gemini-1.0-ultra-001. Using gemini-1.0-pro pricing. Got max_tokens info here: https://cloud.google.com/vertex-ai/generative-ai/docs/learn/models#foundation_models",,,,,,0.0000001250,,,,,0.0000003750,0.0025000000,0.0020000000,,,,,,,,,,,,,,,,,,,
gemini-1.0-ultra-001,8192,8192,2048,0.0000005000,0.0000015000,vertex_ai-language-models,chat,True,,,"As of Jun, 2024. There is no available doc on vertex ai pricing gemini-1.0-ultra-001. Using gemini-1.0-pro pricing. Got max_tokens info here: https://cloud.google.com/vertex-ai/generative-ai/docs/learn/models#foundation_models",,,,,,0.0000001250,,,,,0.0000003750,0.0025000000,0.0020000000,,,,,,,,,,,,,,,,,,,
gemini-1.0-pro-002,8192,32760,8192,0.0000005000,0.0000015000,vertex_ai-language-models,chat,True,,,https://cloud.google.com/vertex-ai/generative-ai/docs/learn/models#foundation_models,,,,,,0.0000001250,,,,,0.0000003750,0.0025000000,0.0020000000,,,,,,,,,,,,,,,,,,,
gemini-1.5-pro,8192,2097152,8192,0.0000050000,0.0000150000,vertex_ai-language-models,chat,True,,,https://cloud.google.com/vertex-ai/generative-ai/docs/learn/models#foundation_models,,,,,,0.0000012500,,,True,,0.0000037500,0.0013150000,0.0013150000,0.0001250000,0.0000100000,0.0000025000,0.0000300000,0.0000075000,0.0026300000,0.0026300000,0.0002500000,True,True,,,,,,,,,
gemini-1.5-pro-001,8192,1000000,8192,0.0000050000,0.0000150000,vertex_ai-language-models,chat,True,,,https://cloud.google.com/vertex-ai/generative-ai/docs/learn/models#foundation_models,,,,,,0.0000012500,,,True,,0.0000037500,0.0013150000,0.0013150000,0.0001250000,0.0000100000,0.0000025000,0.0000300000,0.0000075000,0.0026300000,0.0026300000,0.0002500000,True,True,,,,,,,,,
gemini-1.5-pro-preview-0514,8192,1000000,8192,0.0000050000,0.0000150000,vertex_ai-language-models,chat,True,,,https://cloud.google.com/vertex-ai/generative-ai/docs/learn/models#foundation_models,,,,,,0.0000012500,,,True,,0.0000037500,0.0013150000,0.0013150000,0.0001250000,0.0000100000,0.0000025000,0.0000300000,0.0000075000,0.0026300000,0.0026300000,0.0002500000,True,True,,,,,,,,,
gemini-1.5-pro-preview-0215,8192,1000000,8192,0.0000050000,0.0000150000,vertex_ai-language-models,chat,True,,,https://cloud.google.com/vertex-ai/generative-ai/docs/learn/models#foundation_models,,,,,,0.0000012500,,,True,,0.0000037500,0.0013150000,0.0013150000,0.0001250000,0.0000100000,0.0000025000,0.0000300000,0.0000075000,0.0026300000,0.0026300000,0.0002500000,True,True,,,,,,,,,
gemini-1.5-pro-preview-0409,8192,1000000,8192,0.0000050000,0.0000150000,vertex_ai-language-models,chat,True,,,https://cloud.google.com/vertex-ai/generative-ai/docs/learn/models#foundation_models,,,,,,0.0000012500,,,True,,0.0000037500,0.0013150000,0.0013150000,0.0001250000,0.0000100000,0.0000025000,0.0000300000,0.0000075000,0.0026300000,0.0026300000,0.0002500000,,True,,,,,,,,,
gemini-1.5-flash,8192,1000000,8192,0.0000005000,0.0000015000,vertex_ai-language-models,chat,True,,True,https://cloud.google.com/vertex-ai/generative-ai/docs/learn/models#foundation_models,,,,,,0.0000001250,,,,,0.0000003750,0.0001315000,0.0001315000,0.0001250000,0.0000010000,0.0000002500,0.0000030000,0.0000007500,0.0002630000,0.0002630000,0.0002500000,True,,3000.0000000000,10.0000000000,1.0000000000,8.4000000000,1.0000000000,30.0000000000,,,
gemini-1.5-flash-001,8192,1000000,8192,0.0000005000,0.0000015000,vertex_ai-language-models,chat,True,,True,https://cloud.google.com/vertex-ai/generative-ai/docs/learn/models#foundation_models,,,,,,0.0000001250,,,,,0.0000003750,0.0001315000,0.0001315000,0.0001250000,0.0000010000,0.0000002500,0.0000030000,0.0000007500,0.0002630000,0.0002630000,0.0002500000,True,,3000.0000000000,10.0000000000,1.0000000000,8.4000000000,1.0000000000,30.0000000000,,,
gemini-1.5-flash-preview-0514,8192,1000000,8192,0.0000005000,0.0000015000,vertex_ai-language-models,chat,True,,True,https://cloud.google.com/vertex-ai/generative-ai/docs/learn/models#foundation_models,,,,,,0.0000001250,,,,,0.0000003750,0.0001315000,0.0001315000,0.0001250000,0.0000010000,0.0000002500,0.0000030000,0.0000007500,0.0002630000,0.0002630000,0.0002500000,True,,3000.0000000000,10.0000000000,1.0000000000,8.4000000000,1.0000000000,30.0000000000,,,
gemini-experimental,8192,1000000,8192,0.0000000000,0.0000000000,vertex_ai-language-models,chat,False,,,https://cloud.google.com/vertex-ai/generative-ai/docs/learn/models#foundation_models,,,,,,,,,True,,,,,,,,,,,,,,,,,,,,,,,
gemini-pro-vision,2048,16384,2048,0.0000002500,0.0000005000,vertex_ai-vision-models,chat,True,,True,https://cloud.google.com/vertex-ai/generative-ai/docs/learn/models#foundation_models,,,,,,,,,,,,,,,,,,,,,,,,16.0000000000,1.0000000000,2.0000000000,,,,,,
gemini-1.0-pro-vision,2048,16384,2048,0.0000002500,0.0000005000,vertex_ai-vision-models,chat,True,,True,https://cloud.google.com/vertex-ai/generative-ai/docs/learn/models#foundation_models,,,,,,,,,,,,,,,,,,,,,,,,16.0000000000,1.0000000000,2.0000000000,,,,,,
gemini-1.0-pro-vision-001,2048,16384,2048,0.0000002500,0.0000005000,vertex_ai-vision-models,chat,True,,True,https://cloud.google.com/vertex-ai/generative-ai/docs/learn/models#foundation_models,,,,,,,,,,,,,,,,,,,,,,,,16.0000000000,1.0000000000,2.0000000000,,,,,,
medlm-medium,8192,32768,8192,,,vertex_ai-language-models,chat,,,,https://cloud.google.com/vertex-ai/generative-ai/docs/learn/models#foundation_models,,,,,,0.0000005000,,,,,0.0000010000,,,,,,,,,,,,,,,,,,,,,
medlm-large,1024,8192,1024,,,vertex_ai-language-models,chat,,,,https://cloud.google.com/vertex-ai/generative-ai/docs/learn/models#foundation_models,,,,,,0.0000050000,,,,,0.0000150000,,,,,,,,,,,,,,,,,,,,,
vertex_ai/claude-3-sonnet@20240229,4096,200000,4096,0.0000030000,0.0000150000,vertex_ai-anthropic_models,chat,True,,True,,,,,,,,,,,,,,,,,,,,,,,,,,,,,,,,,
vertex_ai/claude-3-5-sonnet@20240620,4096,200000,4096,0.0000030000,0.0000150000,vertex_ai-anthropic_models,chat,True,,True,,,,,,,,,,,,,,,,,,,,,,,,,,,,,,,,,
vertex_ai/claude-3-haiku@20240307,4096,200000,4096,0.0000002500,0.0000012500,vertex_ai-anthropic_models,chat,True,,True,,,,,,,,,,,,,,,,,,,,,,,,,,,,,,,,,
vertex_ai/claude-3-opus@20240229,4096,200000,4096,0.0000150000,0.0000750000,vertex_ai-anthropic_models,chat,True,,True,,,,,,,,,,,,,,,,,,,,,,,,,,,,,,,,,
vertex_ai/meta/llama3-405b-instruct-maas,32000,32000,32000,0.0000000000,0.0000000000,vertex_ai-llama_models,chat,,,,https://cloud.google.com/vertex-ai/generative-ai/pricing#partner-models,,,,,,,,,,,,,,,,,,,,,,,,,,,,,,,,
vertex_ai/mistral-large@latest,8191,128000,8191,0.0000030000,0.0000090000,vertex_ai-mistral_models,chat,True,,,,,,,,,,,,,,,,,,,,,,,,,,,,,,,,,,,
vertex_ai/mistral-large@2407,8191,128000,8191,0.0000030000,0.0000090000,vertex_ai-mistral_models,chat,True,,,,,,,,,,,,,,,,,,,,,,,,,,,,,,,,,,,
vertex_ai/mistral-nemo@latest,128000,128000,128000,0.0000030000,0.0000030000,vertex_ai-mistral_models,chat,True,,,,,,,,,,,,,,,,,,,,,,,,,,,,,,,,,,,
vertex_ai/mistral-nemo@2407,128000,128000,128000,0.0000030000,0.0000030000,vertex_ai-mistral_models,chat,True,,,,,,,,,,,,,,,,,,,,,,,,,,,,,,,,,,,
vertex_ai/codestral@latest,128000,128000,128000,0.0000010000,0.0000030000,vertex_ai-mistral_models,chat,True,,,,,,,,,,,,,,,,,,,,,,,,,,,,,,,,,,,
vertex_ai/codestral@2405,128000,128000,128000,0.0000010000,0.0000030000,vertex_ai-mistral_models,chat,True,,,,,,,,,,,,,,,,,,,,,,,,,,,,,,,,,,,
vertex_ai/imagegeneration@006,,,,,,vertex_ai-image-models,image_generation,,,,https://cloud.google.com/vertex-ai/generative-ai/pricing,,,,,,,,,,,,,,,,,,,,,,,,,,,,,,0.0200000000,,
text-embedding-004,3072,3072,,0.0000000062,0.0000000000,vertex_ai-embedding-models,embedding,,,,https://cloud.google.com/vertex-ai/generative-ai/docs/learn/models,768.0000000000,,,,,,,,,,,,,,,,,,,,,,,,,,,,,,,
text-multilingual-embedding-002,2048,2048,,0.0000000062,0.0000000000,vertex_ai-embedding-models,embedding,,,,https://cloud.google.com/vertex-ai/generative-ai/docs/learn/models,768.0000000000,,,,,,,,,,,,,,,,,,,,,,,,,,,,,,,
textembedding-gecko,3072,3072,,0.0000000062,0.0000000000,vertex_ai-embedding-models,embedding,,,,https://cloud.google.com/vertex-ai/generative-ai/docs/learn/models#foundation_models,768.0000000000,,,,,,,,,,,,,,,,,,,,,,,,,,,,,,,
textembedding-gecko-multilingual,3072,3072,,0.0000000062,0.0000000000,vertex_ai-embedding-models,embedding,,,,https://cloud.google.com/vertex-ai/generative-ai/docs/learn/models#foundation_models,768.0000000000,,,,,,,,,,,,,,,,,,,,,,,,,,,,,,,
textembedding-gecko-multilingual@001,3072,3072,,0.0000000062,0.0000000000,vertex_ai-embedding-models,embedding,,,,https://cloud.google.com/vertex-ai/generative-ai/docs/learn/models#foundation_models,768.0000000000,,,,,,,,,,,,,,,,,,,,,,,,,,,,,,,
textembedding-gecko@001,3072,3072,,0.0000000062,0.0000000000,vertex_ai-embedding-models,embedding,,,,https://cloud.google.com/vertex-ai/generative-ai/docs/learn/models#foundation_models,768.0000000000,,,,,,,,,,,,,,,,,,,,,,,,,,,,,,,
textembedding-gecko@003,3072,3072,,0.0000000062,0.0000000000,vertex_ai-embedding-models,embedding,,,,https://cloud.google.com/vertex-ai/generative-ai/docs/learn/models#foundation_models,768.0000000000,,,,,,,,,,,,,,,,,,,,,,,,,,,,,,,
text-embedding-preview-0409,3072,3072,,0.0000000062,0.0000000000,vertex_ai-embedding-models,embedding,,,,https://cloud.google.com/vertex-ai/generative-ai/pricing,768.0000000000,,,,,,,,,,,,,,,,,,,,,,,,,,,,,,0.0000000050,
text-multilingual-embedding-preview-0409,3072,3072,,0.0000000062,0.0000000000,vertex_ai-embedding-models,embedding,,,,https://cloud.google.com/vertex-ai/generative-ai/docs/learn/models#foundation_models,768.0000000000,,,,,,,,,,,,,,,,,,,,,,,,,,,,,,,
palm/chat-bison,4096,8192,4096,0.0000001250,0.0000001250,palm,chat,,,,https://cloud.google.com/vertex-ai/generative-ai/docs/learn/models#foundation_models,,,,,,,,,,,,,,,,,,,,,,,,,,,,,,,,
palm/chat-bison-001,4096,8192,4096,0.0000001250,0.0000001250,palm,chat,,,,https://cloud.google.com/vertex-ai/generative-ai/docs/learn/models#foundation_models,,,,,,,,,,,,,,,,,,,,,,,,,,,,,,,,
palm/text-bison,1024,8192,1024,0.0000001250,0.0000001250,palm,completion,,,,https://cloud.google.com/vertex-ai/generative-ai/docs/learn/models#foundation_models,,,,,,,,,,,,,,,,,,,,,,,,,,,,,,,,
palm/text-bison-001,1024,8192,1024,0.0000001250,0.0000001250,palm,completion,,,,https://cloud.google.com/vertex-ai/generative-ai/docs/learn/models#foundation_models,,,,,,,,,,,,,,,,,,,,,,,,,,,,,,,,
palm/text-bison-safety-off,1024,8192,1024,0.0000001250,0.0000001250,palm,completion,,,,https://cloud.google.com/vertex-ai/generative-ai/docs/learn/models#foundation_models,,,,,,,,,,,,,,,,,,,,,,,,,,,,,,,,
palm/text-bison-safety-recitation-off,1024,8192,1024,0.0000001250,0.0000001250,palm,completion,,,,https://cloud.google.com/vertex-ai/generative-ai/docs/learn/models#foundation_models,,,,,,,,,,,,,,,,,,,,,,,,,,,,,,,,
gemini/gemini-1.5-flash,8192,1000000,8192,0.0000003500,0.0000010500,gemini,chat,True,,True,https://cloud.google.com/vertex-ai/generative-ai/docs/learn/models#foundation_models,,,,,,,,,,,,,,,0.0000007000,,0.0000021000,,,,,True,,3000.0000000000,10.0000000000,1.0000000000,8.4000000000,1.0000000000,30.0000000000,,,
gemini/gemini-1.5-flash-latest,8192,1000000,8192,0.0000003500,0.0000010500,gemini,chat,True,,True,https://cloud.google.com/vertex-ai/generative-ai/docs/learn/models#foundation_models,,,,,,,,,,,,,,,0.0000007000,,0.0000021000,,,,,True,,3000.0000000000,10.0000000000,1.0000000000,8.4000000000,1.0000000000,30.0000000000,,,
gemini/gemini-pro,8192,32760,8192,0.0000003500,0.0000010500,gemini,chat,True,,,https://cloud.google.com/vertex-ai/generative-ai/docs/learn/models#foundation_models,,,,,,,,,,,,,,,0.0000007000,,0.0000021000,,,,,,,,,,,,,,,
gemini/gemini-1.5-pro,8192,2097152,8192,0.0000035000,0.0000105000,gemini,chat,True,,True,https://ai.google.dev/pricing,,,,,,,,,True,,,,,,0.0000070000,,0.0000210000,,,,,True,True,,,,,,,,,
gemini/gemini-1.5-pro-exp-0801,8192,2097152,8192,0.0000035000,0.0000105000,gemini,chat,True,,True,https://ai.google.dev/pricing,,,,,,,,,True,,,,,,0.0000070000,,0.0000210000,,,,,True,True,,,,,,,,,
gemini/gemini-1.5-pro-latest,8192,1048576,8192,0.0000035000,0.0000010500,gemini,chat,True,,True,https://ai.google.dev/pricing,,,,,,,,,True,,,,,,0.0000070000,,0.0000210000,,,,,True,True,,,,,,,,,
gemini/gemini-pro-vision,2048,30720,2048,0.0000003500,0.0000010500,gemini,chat,True,,True,https://cloud.google.com/vertex-ai/generative-ai/docs/learn/models#foundation_models,,,,,,,,,,,,,,,0.0000007000,,0.0000021000,,,,,,,,,,,,,,,
gemini/gemini-gemma-2-27b-it,8192,,8192,0.0000003500,0.0000010500,gemini,chat,True,,True,https://cloud.google.com/vertex-ai/generative-ai/docs/learn/models#foundation_models,,,,,,,,,,,,,,,,,,,,,,,,,,,,,,,,
gemini/gemini-gemma-2-9b-it,8192,,8192,0.0000003500,0.0000010500,gemini,chat,True,,True,https://cloud.google.com/vertex-ai/generative-ai/docs/learn/models#foundation_models,,,,,,,,,,,,,,,,,,,,,,,,,,,,,,,,
command-r,4096,128000,4096,0.0000005000,0.0000015000,cohere_chat,chat,True,,,,,,,,,,,,,,,,,,,,,,,,,,,,,,,,,,,
command-light,4096,4096,4096,0.0000150000,0.0000150000,cohere_chat,chat,,,,,,,,,,,,,,,,,,,,,,,,,,,,,,,,,,,,
command-r-plus,4096,128000,4096,0.0000030000,0.0000150000,cohere_chat,chat,True,,,,,,,,,,,,,,,,,,,,,,,,,,,,,,,,,,,
command-nightly,4096,4096,4096,0.0000150000,0.0000150000,cohere,completion,,,,,,,,,,,,,,,,,,,,,,,,,,,,,,,,,,,,
command,4096,4096,4096,0.0000150000,0.0000150000,cohere,completion,,,,,,,,,,,,,,,,,,,,,,,,,,,,,,,,,,,,
command-medium-beta,4096,4096,4096,0.0000150000,0.0000150000,cohere,completion,,,,,,,,,,,,,,,,,,,,,,,,,,,,,,,,,,,,
command-xlarge-beta,4096,4096,4096,0.0000150000,0.0000150000,cohere,completion,,,,,,,,,,,,,,,,,,,,,,,,,,,,,,,,,,,,
embed-english-v3.0,512,512,,0.0000001000,0.0000000000,cohere,embedding,,,,,,,,,,,,,,,,,,,,,,,,,,,,,,,,,,,,
embed-english-light-v3.0,512,512,,0.0000001000,0.0000000000,cohere,embedding,,,,,,,,,,,,,,,,,,,,,,,,,,,,,,,,,,,,
embed-multilingual-v3.0,512,512,,0.0000001000,0.0000000000,cohere,embedding,,,,,,,,,,,,,,,,,,,,,,,,,,,,,,,,,,,,
embed-english-v2.0,512,512,,0.0000001000,0.0000000000,cohere,embedding,,,,,,,,,,,,,,,,,,,,,,,,,,,,,,,,,,,,
embed-english-light-v2.0,512,512,,0.0000001000,0.0000000000,cohere,embedding,,,,,,,,,,,,,,,,,,,,,,,,,,,,,,,,,,,,
embed-multilingual-v2.0,256,256,,0.0000001000,0.0000000000,cohere,embedding,,,,,,,,,,,,,,,,,,,,,,,,,,,,,,,,,,,,
replicate/meta/llama-2-13b,4096,4096,4096,0.0000001000,0.0000005000,replicate,chat,,,,,,,,,,,,,,,,,,,,,,,,,,,,,,,,,,,,
replicate/meta/llama-2-13b-chat,4096,4096,4096,0.0000001000,0.0000005000,replicate,chat,,,,,,,,,,,,,,,,,,,,,,,,,,,,,,,,,,,,
replicate/meta/llama-2-70b,4096,4096,4096,0.0000006500,0.0000027500,replicate,chat,,,,,,,,,,,,,,,,,,,,,,,,,,,,,,,,,,,,
replicate/meta/llama-2-70b-chat,4096,4096,4096,0.0000006500,0.0000027500,replicate,chat,,,,,,,,,,,,,,,,,,,,,,,,,,,,,,,,,,,,
replicate/meta/llama-2-7b,4096,4096,4096,0.0000000500,0.0000002500,replicate,chat,,,,,,,,,,,,,,,,,,,,,,,,,,,,,,,,,,,,
replicate/meta/llama-2-7b-chat,4096,4096,4096,0.0000000500,0.0000002500,replicate,chat,,,,,,,,,,,,,,,,,,,,,,,,,,,,,,,,,,,,
replicate/meta/llama-3-70b,8192,8192,8192,0.0000006500,0.0000027500,replicate,chat,,,,,,,,,,,,,,,,,,,,,,,,,,,,,,,,,,,,
replicate/meta/llama-3-70b-instruct,8192,8192,8192,0.0000006500,0.0000027500,replicate,chat,,,,,,,,,,,,,,,,,,,,,,,,,,,,,,,,,,,,
replicate/meta/llama-3-8b,8086,8086,8086,0.0000000500,0.0000002500,replicate,chat,,,,,,,,,,,,,,,,,,,,,,,,,,,,,,,,,,,,
replicate/meta/llama-3-8b-instruct,8086,8086,8086,0.0000000500,0.0000002500,replicate,chat,,,,,,,,,,,,,,,,,,,,,,,,,,,,,,,,,,,,
replicate/mistralai/mistral-7b-v0.1,4096,4096,4096,0.0000000500,0.0000002500,replicate,chat,,,,,,,,,,,,,,,,,,,,,,,,,,,,,,,,,,,,
replicate/mistralai/mistral-7b-instruct-v0.2,4096,4096,4096,0.0000000500,0.0000002500,replicate,chat,,,,,,,,,,,,,,,,,,,,,,,,,,,,,,,,,,,,
replicate/mistralai/mixtral-8x7b-instruct-v0.1,4096,4096,4096,0.0000003000,0.0000010000,replicate,chat,,,,,,,,,,,,,,,,,,,,,,,,,,,,,,,,,,,,
openrouter/deepseek/deepseek-coder,4096,32000,4096,0.0000001400,0.0000002800,openrouter,chat,,,,,,,,,,,,,,,,,,,,,,,,,,,,,,,,,,,,
openrouter/microsoft/wizardlm-2-8x22b:nitro,65536,,,0.0000010000,0.0000010000,openrouter,chat,,,,,,,,,,,,,,,,,,,,,,,,,,,,,,,,,,,,
openrouter/google/gemini-pro-1.5,8192,1000000,8192,0.0000025000,0.0000075000,openrouter,chat,True,,True,,,,,,,,,,,,,0.0026500000,,,,,,,,,,,,,,,,,,,,
openrouter/mistralai/mixtral-8x22b-instruct,65536,,,0.0000006500,0.0000006500,openrouter,chat,,,,,,,,,,,,,,,,,,,,,,,,,,,,,,,,,,,,
openrouter/cohere/command-r-plus,128000,,,0.0000030000,0.0000150000,openrouter,chat,,,,,,,,,,,,,,,,,,,,,,,,,,,,,,,,,,,,
openrouter/databricks/dbrx-instruct,32768,,,0.0000006000,0.0000006000,openrouter,chat,,,,,,,,,,,,,,,,,,,,,,,,,,,,,,,,,,,,
openrouter/anthropic/claude-3-haiku,200000,,,0.0000002500,0.0000012500,openrouter,chat,True,,True,,,,,,,,,,,,,0.0004000000,,,,,,,,,,,,,,,,,,,,
openrouter/anthropic/claude-3-haiku-20240307,4096,200000,4096,0.0000002500,0.0000012500,openrouter,chat,True,,True,,,,,,,,,,,264.0000000000,,,,,,,,,,,,,,,,,,,,,,
openrouter/anthropic/claude-3.5-sonnet,4096,200000,4096,0.0000030000,0.0000150000,openrouter,chat,True,,True,,,,,,,,,,,159.0000000000,,,,,,,,,,,,,,,,,,,,,,
openrouter/anthropic/claude-3-sonnet,200000,,,0.0000030000,0.0000150000,openrouter,chat,True,,True,,,,,,,,,,,,,0.0048000000,,,,,,,,,,,,,,,,,,,,
openrouter/mistralai/mistral-large,32000,,,0.0000080000,0.0000240000,openrouter,chat,,,,,,,,,,,,,,,,,,,,,,,,,,,,,,,,,,,,
openrouter/cognitivecomputations/dolphin-mixtral-8x7b,32769,,,0.0000005000,0.0000005000,openrouter,chat,,,,,,,,,,,,,,,,,,,,,,,,,,,,,,,,,,,,
openrouter/google/gemini-pro-vision,45875,,,0.0000001250,0.0000003750,openrouter,chat,True,,True,,,,,,,,,,,,,0.0025000000,,,,,,,,,,,,,,,,,,,,
openrouter/fireworks/firellava-13b,4096,,,0.0000002000,0.0000002000,openrouter,chat,,,,,,,,,,,,,,,,,,,,,,,,,,,,,,,,,,,,
openrouter/meta-llama/llama-3-8b-instruct:free,8192,,,0.0000000000,0.0000000000,openrouter,chat,,,,,,,,,,,,,,,,,,,,,,,,,,,,,,,,,,,,
openrouter/meta-llama/llama-3-8b-instruct:extended,16384,,,0.0000002250,0.0000022500,openrouter,chat,,,,,,,,,,,,,,,,,,,,,,,,,,,,,,,,,,,,
openrouter/meta-llama/llama-3-70b-instruct:nitro,8192,,,0.0000009000,0.0000009000,openrouter,chat,,,,,,,,,,,,,,,,,,,,,,,,,,,,,,,,,,,,
openrouter/meta-llama/llama-3-70b-instruct,8192,,,0.0000005900,0.0000007900,openrouter,chat,,,,,,,,,,,,,,,,,,,,,,,,,,,,,,,,,,,,
openrouter/openai/gpt-4o,4096,128000,4096,0.0000050000,0.0000150000,openrouter,chat,True,True,True,,,,,,,,,,,,,,,,,,,,,,,,,,,,,,,,,
openrouter/openai/gpt-4o-2024-05-13,4096,128000,4096,0.0000050000,0.0000150000,openrouter,chat,True,True,True,,,,,,,,,,,,,,,,,,,,,,,,,,,,,,,,,
openrouter/openai/gpt-4-vision-preview,130000,,,0.0000100000,0.0000300000,openrouter,chat,True,,True,,,,,,,,,,,,,0.0144500000,,,,,,,,,,,,,,,,,,,,
openrouter/openai/gpt-3.5-turbo,4095,,,0.0000015000,0.0000020000,openrouter,chat,,,,,,,,,,,,,,,,,,,,,,,,,,,,,,,,,,,,
openrouter/openai/gpt-3.5-turbo-16k,16383,,,0.0000030000,0.0000040000,openrouter,chat,,,,,,,,,,,,,,,,,,,,,,,,,,,,,,,,,,,,
openrouter/openai/gpt-4,8192,,,0.0000300000,0.0000600000,openrouter,chat,,,,,,,,,,,,,,,,,,,,,,,,,,,,,,,,,,,,
openrouter/anthropic/claude-instant-v1,100000,,8191,0.0000016300,0.0000055100,openrouter,chat,,,,,,,,,,,,,,,,,,,,,,,,,,,,,,,,,,,,
openrouter/anthropic/claude-2,100000,,8191,0.0000110200,0.0000326800,openrouter,chat,,,,,,,,,,,,,,,,,,,,,,,,,,,,,,,,,,,,
openrouter/anthropic/claude-3-opus,4096,200000,4096,0.0000150000,0.0000750000,openrouter,chat,True,,True,,,,,,,,,,,395.0000000000,,,,,,,,,,,,,,,,,,,,,,
openrouter/google/palm-2-chat-bison,25804,,,0.0000005000,0.0000005000,openrouter,chat,,,,,,,,,,,,,,,,,,,,,,,,,,,,,,,,,,,,
openrouter/google/palm-2-codechat-bison,20070,,,0.0000005000,0.0000005000,openrouter,chat,,,,,,,,,,,,,,,,,,,,,,,,,,,,,,,,,,,,
openrouter/meta-llama/llama-2-13b-chat,4096,,,0.0000002000,0.0000002000,openrouter,chat,,,,,,,,,,,,,,,,,,,,,,,,,,,,,,,,,,,,
openrouter/meta-llama/llama-2-70b-chat,4096,,,0.0000015000,0.0000015000,openrouter,chat,,,,,,,,,,,,,,,,,,,,,,,,,,,,,,,,,,,,
openrouter/meta-llama/codellama-34b-instruct,8192,,,0.0000005000,0.0000005000,openrouter,chat,,,,,,,,,,,,,,,,,,,,,,,,,,,,,,,,,,,,
openrouter/nousresearch/nous-hermes-llama2-13b,4096,,,0.0000002000,0.0000002000,openrouter,chat,,,,,,,,,,,,,,,,,,,,,,,,,,,,,,,,,,,,
openrouter/mancer/weaver,8000,,,0.0000056250,0.0000056250,openrouter,chat,,,,,,,,,,,,,,,,,,,,,,,,,,,,,,,,,,,,
openrouter/gryphe/mythomax-l2-13b,8192,,,0.0000018750,0.0000018750,openrouter,chat,,,,,,,,,,,,,,,,,,,,,,,,,,,,,,,,,,,,
openrouter/jondurbin/airoboros-l2-70b-2.1,4096,,,0.0000138750,0.0000138750,openrouter,chat,,,,,,,,,,,,,,,,,,,,,,,,,,,,,,,,,,,,
openrouter/undi95/remm-slerp-l2-13b,6144,,,0.0000018750,0.0000018750,openrouter,chat,,,,,,,,,,,,,,,,,,,,,,,,,,,,,,,,,,,,
openrouter/pygmalionai/mythalion-13b,4096,,,0.0000018750,0.0000018750,openrouter,chat,,,,,,,,,,,,,,,,,,,,,,,,,,,,,,,,,,,,
openrouter/mistralai/mistral-7b-instruct,8192,,,0.0000001300,0.0000001300,openrouter,chat,,,,,,,,,,,,,,,,,,,,,,,,,,,,,,,,,,,,
openrouter/mistralai/mistral-7b-instruct:free,8192,,,0.0000000000,0.0000000000,openrouter,chat,,,,,,,,,,,,,,,,,,,,,,,,,,,,,,,,,,,,
j2-ultra,8192,8192,8192,0.0000150000,0.0000150000,ai21,completion,,,,,,,,,,,,,,,,,,,,,,,,,,,,,,,,,,,,
j2-mid,8192,8192,8192,0.0000100000,0.0000100000,ai21,completion,,,,,,,,,,,,,,,,,,,,,,,,,,,,,,,,,,,,
j2-light,8192,8192,8192,0.0000030000,0.0000030000,ai21,completion,,,,,,,,,,,,,,,,,,,,,,,,,,,,,,,,,,,,
dolphin,16384,16384,16384,0.0000005000,0.0000005000,nlp_cloud,completion,,,,,,,,,,,,,,,,,,,,,,,,,,,,,,,,,,,,
chatdolphin,16384,16384,16384,0.0000005000,0.0000005000,nlp_cloud,chat,,,,,,,,,,,,,,,,,,,,,,,,,,,,,,,,,,,,
luminous-base,2048,,,0.0000300000,0.0000330000,aleph_alpha,completion,,,,,,,,,,,,,,,,,,,,,,,,,,,,,,,,,,,,
luminous-base-control,2048,,,0.0000375000,0.0000412500,aleph_alpha,chat,,,,,,,,,,,,,,,,,,,,,,,,,,,,,,,,,,,,
luminous-extended,2048,,,0.0000450000,0.0000495000,aleph_alpha,completion,,,,,,,,,,,,,,,,,,,,,,,,,,,,,,,,,,,,
luminous-extended-control,2048,,,0.0000562500,0.0000618750,aleph_alpha,chat,,,,,,,,,,,,,,,,,,,,,,,,,,,,,,,,,,,,
luminous-supreme,2048,,,0.0001750000,0.0001925000,aleph_alpha,completion,,,,,,,,,,,,,,,,,,,,,,,,,,,,,,,,,,,,
luminous-supreme-control,2048,,,0.0002187500,0.0002406250,aleph_alpha,chat,,,,,,,,,,,,,,,,,,,,,,,,,,,,,,,,,,,,
ai21.j2-mid-v1,8191,8191,8191,0.0000125000,0.0000125000,bedrock,chat,,,,,,,,,,,,,,,,,,,,,,,,,,,,,,,,,,,,
ai21.j2-ultra-v1,8191,8191,8191,0.0000188000,0.0000188000,bedrock,chat,,,,,,,,,,,,,,,,,,,,,,,,,,,,,,,,,,,,
ai21.jamba-instruct-v1:0,4096,70000,4096,0.0000005000,0.0000007000,bedrock,chat,,,,,,,,,,,,,,,,,,,,,,,,,,True,,,,,,,,,,
amazon.titan-text-lite-v1,4000,42000,4000,0.0000003000,0.0000004000,bedrock,chat,,,,,,,,,,,,,,,,,,,,,,,,,,,,,,,,,,,,
amazon.titan-text-express-v1,8000,42000,8000,0.0000013000,0.0000017000,bedrock,chat,,,,,,,,,,,,,,,,,,,,,,,,,,,,,,,,,,,,
amazon.titan-embed-text-v1,8192,8192,,0.0000001000,0.0000000000,bedrock,embedding,,,,,1536.0000000000,,,,,,,,,,,,,,,,,,,,,,,,,,,,,,,
amazon.titan-embed-text-v2:0,8192,8192,,0.0000002000,0.0000000000,bedrock,embedding,,,,,1024.0000000000,,,,,,,,,,,,,,,,,,,,,,,,,,,,,,,
mistral.mistral-7b-instruct-v0:2,8191,32000,8191,0.0000001500,0.0000002000,bedrock,chat,,,,,,,,,,,,,,,,,,,,,,,,,,,,,,,,,,,,
mistral.mixtral-8x7b-instruct-v0:1,8191,32000,8191,0.0000004500,0.0000007000,bedrock,chat,,,,,,,,,,,,,,,,,,,,,,,,,,,,,,,,,,,,
mistral.mistral-large-2402-v1:0,8191,32000,8191,0.0000080000,0.0000240000,bedrock,chat,True,,,,,,,,,,,,,,,,,,,,,,,,,,,,,,,,,,,
mistral.mistral-large-2407-v1:0,8191,128000,8191,0.0000030000,0.0000090000,bedrock,chat,True,,,,,,,,,,,,,,,,,,,,,,,,,,,,,,,,,,,
bedrock/us-west-2/mistral.mixtral-8x7b-instruct-v0:1,8191,32000,8191,0.0000004500,0.0000007000,bedrock,chat,,,,,,,,,,,,,,,,,,,,,,,,,,,,,,,,,,,,
bedrock/us-east-1/mistral.mixtral-8x7b-instruct-v0:1,8191,32000,8191,0.0000004500,0.0000007000,bedrock,chat,,,,,,,,,,,,,,,,,,,,,,,,,,,,,,,,,,,,
bedrock/eu-west-3/mistral.mixtral-8x7b-instruct-v0:1,8191,32000,8191,0.0000005900,0.0000009100,bedrock,chat,,,,,,,,,,,,,,,,,,,,,,,,,,,,,,,,,,,,
bedrock/us-west-2/mistral.mistral-7b-instruct-v0:2,8191,32000,8191,0.0000001500,0.0000002000,bedrock,chat,,,,,,,,,,,,,,,,,,,,,,,,,,,,,,,,,,,,
bedrock/us-east-1/mistral.mistral-7b-instruct-v0:2,8191,32000,8191,0.0000001500,0.0000002000,bedrock,chat,,,,,,,,,,,,,,,,,,,,,,,,,,,,,,,,,,,,
bedrock/eu-west-3/mistral.mistral-7b-instruct-v0:2,8191,32000,8191,0.0000002000,0.0000002600,bedrock,chat,,,,,,,,,,,,,,,,,,,,,,,,,,,,,,,,,,,,
bedrock/us-east-1/mistral.mistral-large-2402-v1:0,8191,32000,8191,0.0000080000,0.0000240000,bedrock,chat,,,,,,,,,,,,,,,,,,,,,,,,,,,,,,,,,,,,
bedrock/us-west-2/mistral.mistral-large-2402-v1:0,8191,32000,8191,0.0000080000,0.0000240000,bedrock,chat,True,,,,,,,,,,,,,,,,,,,,,,,,,,,,,,,,,,,
bedrock/eu-west-3/mistral.mistral-large-2402-v1:0,8191,32000,8191,0.0000104000,0.0000312000,bedrock,chat,True,,,,,,,,,,,,,,,,,,,,,,,,,,,,,,,,,,,
anthropic.claude-3-sonnet-20240229-v1:0,4096,200000,4096,0.0000030000,0.0000150000,bedrock,chat,True,,True,,,,,,,,,,,,,,,,,,,,,,,,,,,,,,,,,
anthropic.claude-3-5-sonnet-20240620-v1:0,4096,200000,4096,0.0000030000,0.0000150000,bedrock,chat,True,,True,,,,,,,,,,,,,,,,,,,,,,,,,,,,,,,,,
anthropic.claude-3-haiku-20240307-v1:0,4096,200000,4096,0.0000002500,0.0000012500,bedrock,chat,True,,True,,,,,,,,,,,,,,,,,,,,,,,,,,,,,,,,,
anthropic.claude-3-opus-20240229-v1:0,4096,200000,4096,0.0000150000,0.0000750000,bedrock,chat,True,,True,,,,,,,,,,,,,,,,,,,,,,,,,,,,,,,,,
anthropic.claude-v1,8191,100000,8191,0.0000080000,0.0000240000,bedrock,chat,,,,,,,,,,,,,,,,,,,,,,,,,,,,,,,,,,,,
bedrock/us-east-1/anthropic.claude-v1,8191,100000,8191,0.0000080000,0.0000240000,bedrock,chat,,,,,,,,,,,,,,,,,,,,,,,,,,,,,,,,,,,,
bedrock/us-west-2/anthropic.claude-v1,8191,100000,8191,0.0000080000,0.0000240000,bedrock,chat,,,,,,,,,,,,,,,,,,,,,,,,,,,,,,,,,,,,
bedrock/ap-northeast-1/anthropic.claude-v1,8191,100000,8191,0.0000080000,0.0000240000,bedrock,chat,,,,,,,,,,,,,,,,,,,,,,,,,,,,,,,,,,,,
bedrock/ap-northeast-1/1-month-commitment/anthropic.claude-v1,8191,100000,8191,,,bedrock,chat,,,,,,,,0.0455000000,0.0455000000,,,,,,,,,,,,,,,,,,,,,,,,,,,
bedrock/ap-northeast-1/6-month-commitment/anthropic.claude-v1,8191,100000,8191,,,bedrock,chat,,,,,,,,0.0252700000,0.0252700000,,,,,,,,,,,,,,,,,,,,,,,,,,,
bedrock/eu-central-1/anthropic.claude-v1,8191,100000,8191,0.0000080000,0.0000240000,bedrock,chat,,,,,,,,,,,,,,,,,,,,,,,,,,,,,,,,,,,,
bedrock/eu-central-1/1-month-commitment/anthropic.claude-v1,8191,100000,8191,,,bedrock,chat,,,,,,,,0.0415000000,0.0415000000,,,,,,,,,,,,,,,,,,,,,,,,,,,
bedrock/eu-central-1/6-month-commitment/anthropic.claude-v1,8191,100000,8191,,,bedrock,chat,,,,,,,,0.0230500000,0.0230500000,,,,,,,,,,,,,,,,,,,,,,,,,,,
bedrock/us-east-1/1-month-commitment/anthropic.claude-v1,8191,100000,8191,,,bedrock,chat,,,,,,,,0.0175000000,0.0175000000,,,,,,,,,,,,,,,,,,,,,,,,,,,
bedrock/us-east-1/6-month-commitment/anthropic.claude-v1,8191,100000,8191,,,bedrock,chat,,,,,,,,0.0097200000,0.0097200000,,,,,,,,,,,,,,,,,,,,,,,,,,,
bedrock/us-west-2/1-month-commitment/anthropic.claude-v1,8191,100000,8191,,,bedrock,chat,,,,,,,,0.0175000000,0.0175000000,,,,,,,,,,,,,,,,,,,,,,,,,,,
bedrock/us-west-2/6-month-commitment/anthropic.claude-v1,8191,100000,8191,,,bedrock,chat,,,,,,,,0.0097200000,0.0097200000,,,,,,,,,,,,,,,,,,,,,,,,,,,
anthropic.claude-v2,8191,100000,8191,0.0000080000,0.0000240000,bedrock,chat,,,,,,,,,,,,,,,,,,,,,,,,,,,,,,,,,,,,
bedrock/us-east-1/anthropic.claude-v2,8191,100000,8191,0.0000080000,0.0000240000,bedrock,chat,,,,,,,,,,,,,,,,,,,,,,,,,,,,,,,,,,,,
bedrock/us-west-2/anthropic.claude-v2,8191,100000,8191,0.0000080000,0.0000240000,bedrock,chat,,,,,,,,,,,,,,,,,,,,,,,,,,,,,,,,,,,,
bedrock/ap-northeast-1/anthropic.claude-v2,8191,100000,8191,0.0000080000,0.0000240000,bedrock,chat,,,,,,,,,,,,,,,,,,,,,,,,,,,,,,,,,,,,
bedrock/ap-northeast-1/1-month-commitment/anthropic.claude-v2,8191,100000,8191,,,bedrock,chat,,,,,,,,0.0455000000,0.0455000000,,,,,,,,,,,,,,,,,,,,,,,,,,,
bedrock/ap-northeast-1/6-month-commitment/anthropic.claude-v2,8191,100000,8191,,,bedrock,chat,,,,,,,,0.0252700000,0.0252700000,,,,,,,,,,,,,,,,,,,,,,,,,,,
bedrock/eu-central-1/anthropic.claude-v2,8191,100000,8191,0.0000080000,0.0000240000,bedrock,chat,,,,,,,,,,,,,,,,,,,,,,,,,,,,,,,,,,,,
bedrock/eu-central-1/1-month-commitment/anthropic.claude-v2,8191,100000,8191,,,bedrock,chat,,,,,,,,0.0415000000,0.0415000000,,,,,,,,,,,,,,,,,,,,,,,,,,,
bedrock/eu-central-1/6-month-commitment/anthropic.claude-v2,8191,100000,8191,,,bedrock,chat,,,,,,,,0.0230500000,0.0230500000,,,,,,,,,,,,,,,,,,,,,,,,,,,
bedrock/us-east-1/1-month-commitment/anthropic.claude-v2,8191,100000,8191,,,bedrock,chat,,,,,,,,0.0175000000,0.0175000000,,,,,,,,,,,,,,,,,,,,,,,,,,,
bedrock/us-east-1/6-month-commitment/anthropic.claude-v2,8191,100000,8191,,,bedrock,chat,,,,,,,,0.0097200000,0.0097200000,,,,,,,,,,,,,,,,,,,,,,,,,,,
bedrock/us-west-2/1-month-commitment/anthropic.claude-v2,8191,100000,8191,,,bedrock,chat,,,,,,,,0.0175000000,0.0175000000,,,,,,,,,,,,,,,,,,,,,,,,,,,
bedrock/us-west-2/6-month-commitment/anthropic.claude-v2,8191,100000,8191,,,bedrock,chat,,,,,,,,0.0097200000,0.0097200000,,,,,,,,,,,,,,,,,,,,,,,,,,,
anthropic.claude-v2:1,8191,100000,8191,0.0000080000,0.0000240000,bedrock,chat,,,,,,,,,,,,,,,,,,,,,,,,,,,,,,,,,,,,
bedrock/us-east-1/anthropic.claude-v2:1,8191,100000,8191,0.0000080000,0.0000240000,bedrock,chat,,,,,,,,,,,,,,,,,,,,,,,,,,,,,,,,,,,,
bedrock/us-west-2/anthropic.claude-v2:1,8191,100000,8191,0.0000080000,0.0000240000,bedrock,chat,,,,,,,,,,,,,,,,,,,,,,,,,,,,,,,,,,,,
bedrock/ap-northeast-1/anthropic.claude-v2:1,8191,100000,8191,0.0000080000,0.0000240000,bedrock,chat,,,,,,,,,,,,,,,,,,,,,,,,,,,,,,,,,,,,
bedrock/ap-northeast-1/1-month-commitment/anthropic.claude-v2:1,8191,100000,8191,,,bedrock,chat,,,,,,,,0.0455000000,0.0455000000,,,,,,,,,,,,,,,,,,,,,,,,,,,
bedrock/ap-northeast-1/6-month-commitment/anthropic.claude-v2:1,8191,100000,8191,,,bedrock,chat,,,,,,,,0.0252700000,0.0252700000,,,,,,,,,,,,,,,,,,,,,,,,,,,
bedrock/eu-central-1/anthropic.claude-v2:1,8191,100000,8191,0.0000080000,0.0000240000,bedrock,chat,,,,,,,,,,,,,,,,,,,,,,,,,,,,,,,,,,,,
bedrock/eu-central-1/1-month-commitment/anthropic.claude-v2:1,8191,100000,8191,,,bedrock,chat,,,,,,,,0.0415000000,0.0415000000,,,,,,,,,,,,,,,,,,,,,,,,,,,
bedrock/eu-central-1/6-month-commitment/anthropic.claude-v2:1,8191,100000,8191,,,bedrock,chat,,,,,,,,0.0230500000,0.0230500000,,,,,,,,,,,,,,,,,,,,,,,,,,,
bedrock/us-east-1/1-month-commitment/anthropic.claude-v2:1,8191,100000,8191,,,bedrock,chat,,,,,,,,0.0175000000,0.0175000000,,,,,,,,,,,,,,,,,,,,,,,,,,,
bedrock/us-east-1/6-month-commitment/anthropic.claude-v2:1,8191,100000,8191,,,bedrock,chat,,,,,,,,0.0097200000,0.0097200000,,,,,,,,,,,,,,,,,,,,,,,,,,,
bedrock/us-west-2/1-month-commitment/anthropic.claude-v2:1,8191,100000,8191,,,bedrock,chat,,,,,,,,0.0175000000,0.0175000000,,,,,,,,,,,,,,,,,,,,,,,,,,,
bedrock/us-west-2/6-month-commitment/anthropic.claude-v2:1,8191,100000,8191,,,bedrock,chat,,,,,,,,0.0097200000,0.0097200000,,,,,,,,,,,,,,,,,,,,,,,,,,,
anthropic.claude-instant-v1,8191,100000,8191,0.0000016300,0.0000055100,bedrock,chat,,,,,,,,,,,,,,,,,,,,,,,,,,,,,,,,,,,,
bedrock/us-east-1/anthropic.claude-instant-v1,8191,100000,8191,0.0000008000,0.0000024000,bedrock,chat,,,,,,,,,,,,,,,,,,,,,,,,,,,,,,,,,,,,
bedrock/us-east-1/1-month-commitment/anthropic.claude-instant-v1,8191,100000,8191,,,bedrock,chat,,,,,,,,0.0110000000,0.0110000000,,,,,,,,,,,,,,,,,,,,,,,,,,,
bedrock/us-east-1/6-month-commitment/anthropic.claude-instant-v1,8191,100000,8191,,,bedrock,chat,,,,,,,,0.0061100000,0.0061100000,,,,,,,,,,,,,,,,,,,,,,,,,,,
bedrock/us-west-2/1-month-commitment/anthropic.claude-instant-v1,8191,100000,8191,,,bedrock,chat,,,,,,,,0.0110000000,0.0110000000,,,,,,,,,,,,,,,,,,,,,,,,,,,
bedrock/us-west-2/6-month-commitment/anthropic.claude-instant-v1,8191,100000,8191,,,bedrock,chat,,,,,,,,0.0061100000,0.0061100000,,,,,,,,,,,,,,,,,,,,,,,,,,,
bedrock/us-west-2/anthropic.claude-instant-v1,8191,100000,8191,0.0000008000,0.0000024000,bedrock,chat,,,,,,,,,,,,,,,,,,,,,,,,,,,,,,,,,,,,
bedrock/ap-northeast-1/anthropic.claude-instant-v1,8191,100000,8191,0.0000022300,0.0000075500,bedrock,chat,,,,,,,,,,,,,,,,,,,,,,,,,,,,,,,,,,,,
bedrock/ap-northeast-1/1-month-commitment/anthropic.claude-instant-v1,8191,100000,8191,,,bedrock,chat,,,,,,,,0.0147500000,0.0147500000,,,,,,,,,,,,,,,,,,,,,,,,,,,
bedrock/ap-northeast-1/6-month-commitment/anthropic.claude-instant-v1,8191,100000,8191,,,bedrock,chat,,,,,,,,0.0081940000,0.0081940000,,,,,,,,,,,,,,,,,,,,,,,,,,,
bedrock/eu-central-1/anthropic.claude-instant-v1,8191,100000,8191,0.0000024800,0.0000083800,bedrock,chat,,,,,,,,,,,,,,,,,,,,,,,,,,,,,,,,,,,,
bedrock/eu-central-1/1-month-commitment/anthropic.claude-instant-v1,8191,100000,8191,,,bedrock,chat,,,,,,,,0.0163500000,0.0163500000,,,,,,,,,,,,,,,,,,,,,,,,,,,
bedrock/eu-central-1/6-month-commitment/anthropic.claude-instant-v1,8191,100000,8191,,,bedrock,chat,,,,,,,,0.0090830000,0.0090830000,,,,,,,,,,,,,,,,,,,,,,,,,,,
cohere.command-text-v14,4096,4096,4096,0.0000015000,0.0000020000,bedrock,chat,,,,,,,,,,,,,,,,,,,,,,,,,,,,,,,,,,,,
bedrock/*/1-month-commitment/cohere.command-text-v14,4096,4096,4096,,,bedrock,chat,,,,,,,,0.0110000000,0.0110000000,,,,,,,,,,,,,,,,,,,,,,,,,,,
bedrock/*/6-month-commitment/cohere.command-text-v14,4096,4096,4096,,,bedrock,chat,,,,,,,,0.0066027000,0.0066027000,,,,,,,,,,,,,,,,,,,,,,,,,,,
cohere.command-light-text-v14,4096,4096,4096,0.0000003000,0.0000006000,bedrock,chat,,,,,,,,,,,,,,,,,,,,,,,,,,,,,,,,,,,,
bedrock/*/1-month-commitment/cohere.command-light-text-v14,4096,4096,4096,,,bedrock,chat,,,,,,,,0.0019020000,0.0019020000,,,,,,,,,,,,,,,,,,,,,,,,,,,
bedrock/*/6-month-commitment/cohere.command-light-text-v14,4096,4096,4096,,,bedrock,chat,,,,,,,,0.0011416000,0.0011416000,,,,,,,,,,,,,,,,,,,,,,,,,,,
cohere.command-r-plus-v1:0,4096,128000,4096,0.0000030000,0.0000150000,bedrock,chat,,,,,,,,,,,,,,,,,,,,,,,,,,,,,,,,,,,,
cohere.command-r-v1:0,4096,128000,4096,0.0000005000,0.0000015000,bedrock,chat,,,,,,,,,,,,,,,,,,,,,,,,,,,,,,,,,,,,
cohere.embed-english-v3,512,512,,0.0000001000,0.0000000000,bedrock,embedding,,,,,,,,,,,,,,,,,,,,,,,,,,,,,,,,,,,,
cohere.embed-multilingual-v3,512,512,,0.0000001000,0.0000000000,bedrock,embedding,,,,,,,,,,,,,,,,,,,,,,,,,,,,,,,,,,,,
meta.llama2-13b-chat-v1,4096,4096,4096,0.0000007500,0.0000010000,bedrock,chat,,,,,,,,,,,,,,,,,,,,,,,,,,,,,,,,,,,,
meta.llama2-70b-chat-v1,4096,4096,4096,0.0000019500,0.0000025600,bedrock,chat,,,,,,,,,,,,,,,,,,,,,,,,,,,,,,,,,,,,
meta.llama3-8b-instruct-v1:0,8192,8192,8192,0.0000004000,0.0000006000,bedrock,chat,,,,,,,,,,,,,,,,,,,,,,,,,,,,,,,,,,,,
meta.llama3-70b-instruct-v1:0,8192,8192,8192,0.0000026500,0.0000035000,bedrock,chat,,,,,,,,,,,,,,,,,,,,,,,,,,,,,,,,,,,,
meta.llama3-1-8b-instruct-v1:0,128000,128000,2048,0.0000004000,0.0000006000,bedrock,chat,True,,,,,,,,,,,,False,,,,,,,,,,,,,,,,,,,,,,,
meta.llama3-1-70b-instruct-v1:0,128000,128000,2048,0.0000026500,0.0000035000,bedrock,chat,True,,,,,,,,,,,,False,,,,,,,,,,,,,,,,,,,,,,,
meta.llama3-1-405b-instruct-v1:0,128000,128000,4096,0.0000053200,0.0000160000,bedrock,chat,True,,,,,,,,,,,,False,,,,,,,,,,,,,,,,,,,,,,,
512-x-512/50-steps/stability.stable-diffusion-xl-v0,77,77,,,,bedrock,image_generation,,,,,,,,,,,,,,,,,,,,,,,0.0180000000,,,,,,,,,,,,,
512-x-512/max-steps/stability.stable-diffusion-xl-v0,77,77,,,,bedrock,image_generation,,,,,,,,,,,,,,,,,,,,,,,0.0360000000,,,,,,,,,,,,,
max-x-max/50-steps/stability.stable-diffusion-xl-v0,77,77,,,,bedrock,image_generation,,,,,,,,,,,,,,,,,,,,,,,0.0360000000,,,,,,,,,,,,,
max-x-max/max-steps/stability.stable-diffusion-xl-v0,77,77,,,,bedrock,image_generation,,,,,,,,,,,,,,,,,,,,,,,0.0720000000,,,,,,,,,,,,,
1024-x-1024/50-steps/stability.stable-diffusion-xl-v1,77,77,,,,bedrock,image_generation,,,,,,,,,,,,,,,,,,,,,,,0.0400000000,,,,,,,,,,,,,
1024-x-1024/max-steps/stability.stable-diffusion-xl-v1,77,77,,,,bedrock,image_generation,,,,,,,,,,,,,,,,,,,,,,,0.0800000000,,,,,,,,,,,,,
sagemaker/meta-textgeneration-llama-2-7b,4096,4096,4096,0.0000000000,0.0000000000,sagemaker,completion,,,,,,,,,,,,,,,,,,,,,,,,,,,,,,,,,,,,
sagemaker/meta-textgeneration-llama-2-7b-f,4096,4096,4096,0.0000000000,0.0000000000,sagemaker,chat,,,,,,,,,,,,,,,,,,,,,,,,,,,,,,,,,,,,
sagemaker/meta-textgeneration-llama-2-13b,4096,4096,4096,0.0000000000,0.0000000000,sagemaker,completion,,,,,,,,,,,,,,,,,,,,,,,,,,,,,,,,,,,,
sagemaker/meta-textgeneration-llama-2-13b-f,4096,4096,4096,0.0000000000,0.0000000000,sagemaker,chat,,,,,,,,,,,,,,,,,,,,,,,,,,,,,,,,,,,,
sagemaker/meta-textgeneration-llama-2-70b,4096,4096,4096,0.0000000000,0.0000000000,sagemaker,completion,,,,,,,,,,,,,,,,,,,,,,,,,,,,,,,,,,,,
sagemaker/meta-textgeneration-llama-2-70b-b-f,4096,4096,4096,0.0000000000,0.0000000000,sagemaker,chat,,,,,,,,,,,,,,,,,,,,,,,,,,,,,,,,,,,,
together-ai-up-to-4b,,,,0.0000001000,0.0000001000,together_ai,,,,,,,,,,,,,,,,,,,,,,,,,,,,,,,,,,,,,
together-ai-4.1b-8b,,,,0.0000002000,0.0000002000,together_ai,,,,,,,,,,,,,,,,,,,,,,,,,,,,,,,,,,,,,
together-ai-8.1b-21b,1000,,,0.0000003000,0.0000003000,together_ai,,,,,,,,,,,,,,,,,,,,,,,,,,,,,,,,,,,,,
together-ai-21.1b-41b,,,,0.0000008000,0.0000008000,together_ai,,,,,,,,,,,,,,,,,,,,,,,,,,,,,,,,,,,,,
together-ai-41.1b-80b,,,,0.0000009000,0.0000009000,together_ai,,,,,,,,,,,,,,,,,,,,,,,,,,,,,,,,,,,,,
together-ai-81.1b-110b,,,,0.0000018000,0.0000018000,together_ai,,,,,,,,,,,,,,,,,,,,,,,,,,,,,,,,,,,,,
together_ai/mistralai/Mixtral-8x7B-Instruct-v0.1,,,,0.0000006000,0.0000006000,together_ai,,True,True,,,,,,,,,,,,,,,,,,,,,,,,,,,,,,,,,,
together_ai/mistralai/Mistral-7B-Instruct-v0.1,,,,,,together_ai,,True,True,,,,,,,,,,,,,,,,,,,,,,,,,,,,,,,,,,
together_ai/togethercomputer/CodeLlama-34b-Instruct,,,,,,together_ai,,True,True,,,,,,,,,,,,,,,,,,,,,,,,,,,,,,,,,,
ollama/codegemma,8192,8192,8192,0.0000000000,0.0000000000,ollama,completion,,,,,,,,,,,,,,,,,,,,,,,,,,,,,,,,,,,,
ollama/codegeex4,32768,32768,8192,0.0000000000,0.0000000000,ollama,chat,False,,,,,,,,,,,,,,,,,,,,,,,,,,,,,,,,,,,
ollama/deepseek-coder-v2-instruct,32768,32768,8192,0.0000000000,0.0000000000,ollama,chat,True,,,,,,,,,,,,,,,,,,,,,,,,,,,,,,,,,,,
ollama/deepseek-coder-v2-base,8192,8192,8192,0.0000000000,0.0000000000,ollama,completion,True,,,,,,,,,,,,,,,,,,,,,,,,,,,,,,,,,,,
ollama/deepseek-coder-v2-lite-instruct,32768,32768,8192,0.0000000000,0.0000000000,ollama,chat,True,,,,,,,,,,,,,,,,,,,,,,,,,,,,,,,,,,,
ollama/deepseek-coder-v2-lite-base,8192,8192,8192,0.0000000000,0.0000000000,ollama,completion,True,,,,,,,,,,,,,,,,,,,,,,,,,,,,,,,,,,,
ollama/internlm2_5-20b-chat,32768,32768,8192,0.0000000000,0.0000000000,ollama,chat,True,,,,,,,,,,,,,,,,,,,,,,,,,,,,,,,,,,,
ollama/llama2,4096,4096,4096,0.0000000000,0.0000000000,ollama,completion,,,,,,,,,,,,,,,,,,,,,,,,,,,,,,,,,,,,
ollama/llama2:13b,4096,4096,4096,0.0000000000,0.0000000000,ollama,completion,,,,,,,,,,,,,,,,,,,,,,,,,,,,,,,,,,,,
ollama/llama2:70b,4096,4096,4096,0.0000000000,0.0000000000,ollama,completion,,,,,,,,,,,,,,,,,,,,,,,,,,,,,,,,,,,,
ollama/llama2-uncensored,4096,4096,4096,0.0000000000,0.0000000000,ollama,completion,,,,,,,,,,,,,,,,,,,,,,,,,,,,,,,,,,,,
ollama/llama3,8192,8192,8192,0.0000000000,0.0000000000,ollama,chat,,,,,,,,,,,,,,,,,,,,,,,,,,,,,,,,,,,,
ollama/llama3:70b,8192,8192,8192,0.0000000000,0.0000000000,ollama,chat,,,,,,,,,,,,,,,,,,,,,,,,,,,,,,,,,,,,
ollama/llama3.1,32768,8192,8192,0.0000000000,0.0000000000,ollama,chat,True,,,,,,,,,,,,,,,,,,,,,,,,,,,,,,,,,,,
ollama/mistral-large-instruct-2407,65536,65536,8192,0.0000000000,0.0000000000,ollama,chat,,,,,,,,,,,,,,,,,,,,,,,,,,,,,,,,,,,,
ollama/mistral,8192,8192,8192,0.0000000000,0.0000000000,ollama,completion,,,,,,,,,,,,,,,,,,,,,,,,,,,,,,,,,,,,
ollama/mistral-7B-Instruct-v0.1,8192,8192,8192,0.0000000000,0.0000000000,ollama,chat,,,,,,,,,,,,,,,,,,,,,,,,,,,,,,,,,,,,
ollama/mistral-7B-Instruct-v0.2,32768,32768,32768,0.0000000000,0.0000000000,ollama,chat,,,,,,,,,,,,,,,,,,,,,,,,,,,,,,,,,,,,
ollama/mixtral-8x7B-Instruct-v0.1,32768,32768,32768,0.0000000000,0.0000000000,ollama,chat,,,,,,,,,,,,,,,,,,,,,,,,,,,,,,,,,,,,
ollama/mixtral-8x22B-Instruct-v0.1,65536,65536,65536,0.0000000000,0.0000000000,ollama,chat,,,,,,,,,,,,,,,,,,,,,,,,,,,,,,,,,,,,
ollama/codellama,4096,4096,4096,0.0000000000,0.0000000000,ollama,completion,,,,,,,,,,,,,,,,,,,,,,,,,,,,,,,,,,,,
ollama/orca-mini,4096,4096,4096,0.0000000000,0.0000000000,ollama,completion,,,,,,,,,,,,,,,,,,,,,,,,,,,,,,,,,,,,
ollama/vicuna,2048,2048,2048,0.0000000000,0.0000000000,ollama,completion,,,,,,,,,,,,,,,,,,,,,,,,,,,,,,,,,,,,
deepinfra/lizpreciatior/lzlv_70b_fp16_hf,4096,4096,4096,0.0000007000,0.0000009000,deepinfra,chat,,,,,,,,,,,,,,,,,,,,,,,,,,,,,,,,,,,,
deepinfra/Gryphe/MythoMax-L2-13b,4096,4096,4096,0.0000002200,0.0000002200,deepinfra,chat,,,,,,,,,,,,,,,,,,,,,,,,,,,,,,,,,,,,
deepinfra/mistralai/Mistral-7B-Instruct-v0.1,8191,32768,8191,0.0000001300,0.0000001300,deepinfra,chat,,,,,,,,,,,,,,,,,,,,,,,,,,,,,,,,,,,,
deepinfra/meta-llama/Llama-2-70b-chat-hf,4096,4096,4096,0.0000007000,0.0000009000,deepinfra,chat,,,,,,,,,,,,,,,,,,,,,,,,,,,,,,,,,,,,
deepinfra/cognitivecomputations/dolphin-2.6-mixtral-8x7b,8191,32768,8191,0.0000002700,0.0000002700,deepinfra,chat,,,,,,,,,,,,,,,,,,,,,,,,,,,,,,,,,,,,
deepinfra/codellama/CodeLlama-34b-Instruct-hf,4096,4096,4096,0.0000006000,0.0000006000,deepinfra,chat,,,,,,,,,,,,,,,,,,,,,,,,,,,,,,,,,,,,
deepinfra/deepinfra/mixtral,4096,32000,4096,0.0000002700,0.0000002700,deepinfra,completion,,,,,,,,,,,,,,,,,,,,,,,,,,,,,,,,,,,,
deepinfra/Phind/Phind-CodeLlama-34B-v2,4096,16384,4096,0.0000006000,0.0000006000,deepinfra,chat,,,,,,,,,,,,,,,,,,,,,,,,,,,,,,,,,,,,
deepinfra/mistralai/Mixtral-8x7B-Instruct-v0.1,8191,32768,8191,0.0000002700,0.0000002700,deepinfra,chat,,,,,,,,,,,,,,,,,,,,,,,,,,,,,,,,,,,,
deepinfra/deepinfra/airoboros-70b,4096,4096,4096,0.0000007000,0.0000009000,deepinfra,chat,,,,,,,,,,,,,,,,,,,,,,,,,,,,,,,,,,,,
deepinfra/01-ai/Yi-34B-Chat,4096,4096,4096,0.0000006000,0.0000006000,deepinfra,chat,,,,,,,,,,,,,,,,,,,,,,,,,,,,,,,,,,,,
deepinfra/01-ai/Yi-6B-200K,4096,200000,4096,0.0000001300,0.0000001300,deepinfra,completion,,,,,,,,,,,,,,,,,,,,,,,,,,,,,,,,,,,,
deepinfra/jondurbin/airoboros-l2-70b-gpt4-1.4.1,4096,4096,4096,0.0000007000,0.0000009000,deepinfra,chat,,,,,,,,,,,,,,,,,,,,,,,,,,,,,,,,,,,,
deepinfra/meta-llama/Llama-2-13b-chat-hf,4096,4096,4096,0.0000002200,0.0000002200,deepinfra,chat,,,,,,,,,,,,,,,,,,,,,,,,,,,,,,,,,,,,
deepinfra/amazon/MistralLite,8191,32768,8191,0.0000002000,0.0000002000,deepinfra,chat,,,,,,,,,,,,,,,,,,,,,,,,,,,,,,,,,,,,
deepinfra/meta-llama/Llama-2-7b-chat-hf,4096,4096,4096,0.0000001300,0.0000001300,deepinfra,chat,,,,,,,,,,,,,,,,,,,,,,,,,,,,,,,,,,,,
deepinfra/meta-llama/Meta-Llama-3-8B-Instruct,8191,8191,4096,0.0000000800,0.0000000800,deepinfra,chat,,,,,,,,,,,,,,,,,,,,,,,,,,,,,,,,,,,,
deepinfra/meta-llama/Meta-Llama-3-70B-Instruct,8191,8191,4096,0.0000005900,0.0000007900,deepinfra,chat,,,,,,,,,,,,,,,,,,,,,,,,,,,,,,,,,,,,
deepinfra/01-ai/Yi-34B-200K,4096,200000,4096,0.0000006000,0.0000006000,deepinfra,completion,,,,,,,,,,,,,,,,,,,,,,,,,,,,,,,,,,,,
deepinfra/openchat/openchat_3.5,4096,4096,4096,0.0000001300,0.0000001300,deepinfra,chat,,,,,,,,,,,,,,,,,,,,,,,,,,,,,,,,,,,,
perplexity/codellama-34b-instruct,16384,16384,16384,0.0000003500,0.0000014000,perplexity,chat,,,,,,,,,,,,,,,,,,,,,,,,,,,,,,,,,,,,
perplexity/codellama-70b-instruct,16384,16384,16384,0.0000007000,0.0000028000,perplexity,chat,,,,,,,,,,,,,,,,,,,,,,,,,,,,,,,,,,,,
perplexity/pplx-7b-chat,8192,8192,8192,0.0000000700,0.0000002800,perplexity,chat,,,,,,,,,,,,,,,,,,,,,,,,,,,,,,,,,,,,
perplexity/pplx-70b-chat,4096,4096,4096,0.0000007000,0.0000028000,perplexity,chat,,,,,,,,,,,,,,,,,,,,,,,,,,,,,,,,,,,,
perplexity/pplx-7b-online,4096,4096,4096,0.0000000000,0.0000002800,perplexity,chat,,,,,,,,,,,,,,,,,,,,,,,,,,,,,,,,,,,,0.0050000000
perplexity/pplx-70b-online,4096,4096,4096,0.0000000000,0.0000028000,perplexity,chat,,,,,,,,,,,,,,,,,,,,,,,,,,,,,,,,,,,,0.0050000000
perplexity/llama-2-70b-chat,4096,4096,4096,0.0000007000,0.0000028000,perplexity,chat,,,,,,,,,,,,,,,,,,,,,,,,,,,,,,,,,,,,
perplexity/mistral-7b-instruct,4096,4096,4096,0.0000000700,0.0000002800,perplexity,chat,,,,,,,,,,,,,,,,,,,,,,,,,,,,,,,,,,,,
perplexity/mixtral-8x7b-instruct,4096,4096,4096,0.0000000700,0.0000002800,perplexity,chat,,,,,,,,,,,,,,,,,,,,,,,,,,,,,,,,,,,,
perplexity/sonar-small-chat,16384,16384,16384,0.0000000700,0.0000002800,perplexity,chat,,,,,,,,,,,,,,,,,,,,,,,,,,,,,,,,,,,,
perplexity/sonar-small-online,12000,12000,12000,0.0000000000,0.0000002800,perplexity,chat,,,,,,,,,,,,,,,,,,,,,,,,,,,,,,,,,,,,0.0050000000
perplexity/sonar-medium-chat,16384,16384,16384,0.0000006000,0.0000018000,perplexity,chat,,,,,,,,,,,,,,,,,,,,,,,,,,,,,,,,,,,,
perplexity/sonar-medium-online,12000,12000,12000,0.0000000000,0.0000018000,perplexity,chat,,,,,,,,,,,,,,,,,,,,,,,,,,,,,,,,,,,,0.0050000000
fireworks_ai/accounts/fireworks/models/firefunction-v2,8192,8192,8192,0.0000009000,0.0000009000,fireworks_ai,chat,True,,,https://fireworks.ai/pricing,,,,,,,,,,,,,,,,,,,,,,,,,,,,,,,,
fireworks_ai/accounts/fireworks/models/mixtral-8x22b-instruct-hf,65536,65536,65536,0.0000012000,0.0000012000,fireworks_ai,chat,True,,,https://fireworks.ai/pricing,,,,,,,,,,,,,,,,,,,,,,,,,,,,,,,,
fireworks_ai/accounts/fireworks/models/qwen2-72b-instruct,32768,32768,32768,0.0000009000,0.0000009000,fireworks_ai,chat,True,,,https://fireworks.ai/pricing,,,,,,,,,,,,,,,,,,,,,,,,,,,,,,,,
fireworks_ai/accounts/fireworks/models/yi-large,32768,32768,32768,0.0000030000,0.0000030000,fireworks_ai,chat,True,,,https://fireworks.ai/pricing,,,,,,,,,,,,,,,,,,,,,,,,,,,,,,,,
fireworks_ai/accounts/fireworks/models/deepseek-coder-v2-instruct,65536,65536,8192,0.0000012000,0.0000012000,fireworks_ai,chat,True,,,https://fireworks.ai/pricing,,,,,,,,,,,,,,,,,,,,,,,,,,,,,,,,
anyscale/mistralai/Mistral-7B-Instruct-v0.1,16384,16384,16384,0.0000001500,0.0000001500,anyscale,chat,True,,,https://docs.anyscale.com/preview/endpoints/text-generation/supported-models/mistralai-Mistral-7B-Instruct-v0.1,,,,,,,,,,,,,,,,,,,,,,,,,,,,,,,,
anyscale/mistralai/Mixtral-8x7B-Instruct-v0.1,16384,16384,16384,0.0000001500,0.0000001500,anyscale,chat,True,,,https://docs.anyscale.com/preview/endpoints/text-generation/supported-models/mistralai-Mixtral-8x7B-Instruct-v0.1,,,,,,,,,,,,,,,,,,,,,,,,,,,,,,,,
anyscale/mistralai/Mixtral-8x22B-Instruct-v0.1,65536,65536,65536,0.0000009000,0.0000009000,anyscale,chat,True,,,https://docs.anyscale.com/preview/endpoints/text-generation/supported-models/mistralai-Mixtral-8x22B-Instruct-v0.1,,,,,,,,,,,,,,,,,,,,,,,,,,,,,,,,
anyscale/HuggingFaceH4/zephyr-7b-beta,16384,16384,16384,0.0000001500,0.0000001500,anyscale,chat,,,,,,,,,,,,,,,,,,,,,,,,,,,,,,,,,,,,
anyscale/google/gemma-7b-it,8192,8192,8192,0.0000001500,0.0000001500,anyscale,chat,,,,https://docs.anyscale.com/preview/endpoints/text-generation/supported-models/google-gemma-7b-it,,,,,,,,,,,,,,,,,,,,,,,,,,,,,,,,
anyscale/meta-llama/Llama-2-7b-chat-hf,4096,4096,4096,0.0000001500,0.0000001500,anyscale,chat,,,,,,,,,,,,,,,,,,,,,,,,,,,,,,,,,,,,
anyscale/meta-llama/Llama-2-13b-chat-hf,4096,4096,4096,0.0000002500,0.0000002500,anyscale,chat,,,,,,,,,,,,,,,,,,,,,,,,,,,,,,,,,,,,
anyscale/meta-llama/Llama-2-70b-chat-hf,4096,4096,4096,0.0000010000,0.0000010000,anyscale,chat,,,,,,,,,,,,,,,,,,,,,,,,,,,,,,,,,,,,
anyscale/codellama/CodeLlama-34b-Instruct-hf,4096,4096,4096,0.0000010000,0.0000010000,anyscale,chat,,,,,,,,,,,,,,,,,,,,,,,,,,,,,,,,,,,,
anyscale/codellama/CodeLlama-70b-Instruct-hf,4096,4096,4096,0.0000010000,0.0000010000,anyscale,chat,,,,https://docs.anyscale.com/preview/endpoints/text-generation/supported-models/codellama-CodeLlama-70b-Instruct-hf,,,,,,,,,,,,,,,,,,,,,,,,,,,,,,,,
anyscale/meta-llama/Meta-Llama-3-8B-Instruct,8192,8192,8192,0.0000001500,0.0000001500,anyscale,chat,,,,https://docs.anyscale.com/preview/endpoints/text-generation/supported-models/meta-llama-Meta-Llama-3-8B-Instruct,,,,,,,,,,,,,,,,,,,,,,,,,,,,,,,,
anyscale/meta-llama/Meta-Llama-3-70B-Instruct,8192,8192,8192,0.0000010000,0.0000010000,anyscale,chat,,,,https://docs.anyscale.com/preview/endpoints/text-generation/supported-models/meta-llama-Meta-Llama-3-70B-Instruct,,,,,,,,,,,,,,,,,,,,,,,,,,,,,,,,
cloudflare/@cf/meta/llama-2-7b-chat-fp16,3072,3072,3072,0.0000019230,0.0000019230,cloudflare,chat,,,,,,,,,,,,,,,,,,,,,,,,,,,,,,,,,,,,
cloudflare/@cf/meta/llama-2-7b-chat-int8,2048,2048,2048,0.0000019230,0.0000019230,cloudflare,chat,,,,,,,,,,,,,,,,,,,,,,,,,,,,,,,,,,,,
cloudflare/@cf/mistral/mistral-7b-instruct-v0.1,8192,8192,8192,0.0000019230,0.0000019230,cloudflare,chat,,,,,,,,,,,,,,,,,,,,,,,,,,,,,,,,,,,,
cloudflare/@hf/thebloke/codellama-7b-instruct-awq,4096,4096,4096,0.0000019230,0.0000019230,cloudflare,chat,,,,,,,,,,,,,,,,,,,,,,,,,,,,,,,,,,,,
voyage/voyage-01,4096,4096,,0.0000001000,0.0000000000,voyage,embedding,,,,,,,,,,,,,,,,,,,,,,,,,,,,,,,,,,,,
voyage/voyage-lite-01,4096,4096,,0.0000001000,0.0000000000,voyage,embedding,,,,,,,,,,,,,,,,,,,,,,,,,,,,,,,,,,,,
voyage/voyage-large-2,16000,16000,,0.0000001200,0.0000000000,voyage,embedding,,,,,,,,,,,,,,,,,,,,,,,,,,,,,,,,,,,,
voyage/voyage-law-2,16000,16000,,0.0000001200,0.0000000000,voyage,embedding,,,,,,,,,,,,,,,,,,,,,,,,,,,,,,,,,,,,
voyage/voyage-code-2,16000,16000,,0.0000001200,0.0000000000,voyage,embedding,,,,,,,,,,,,,,,,,,,,,,,,,,,,,,,,,,,,
voyage/voyage-2,4000,4000,,0.0000001000,0.0000000000,voyage,embedding,,,,,,,,,,,,,,,,,,,,,,,,,,,,,,,,,,,,
voyage/voyage-lite-02-instruct,4000,4000,,0.0000001000,0.0000000000,voyage,embedding,,,,,,,,,,,,,,,,,,,,,,,,,,,,,,,,,,,,
databricks/databricks-meta-llama-3-1-405b-instruct,128000,128000,128000,0.0000050000,0.0000150000,databricks,chat,,,,https://www.databricks.com/product/pricing/foundation-model-serving,,,,,,,,,,,,,,,,,,,,,,,,,,,,,,,,
databricks/databricks-meta-llama-3-1-70b-instruct,128000,128000,128000,0.0000010000,0.0000030000,databricks,chat,,,,https://www.databricks.com/product/pricing/foundation-model-serving,,,,,,,,,,,,,,,,,,,,,,,,,,,,,,,,
databricks/databricks-dbrx-instruct,32768,32768,32768,0.0000007500,0.0000022500,databricks,chat,,,,https://www.databricks.com/product/pricing/foundation-model-serving,,,,,,,,,,,,,,,,,,,,,,,,,,,,,,,,
databricks/databricks-meta-llama-3-70b-instruct,8192,8192,8192,0.0000010000,0.0000030000,databricks,chat,,,,https://www.databricks.com/product/pricing/foundation-model-serving,,,,,,,,,,,,,,,,,,,,,,,,,,,,,,,,
databricks/databricks-llama-2-70b-chat,4096,4096,4096,0.0000005000,0.0000015000,databricks,chat,,,,https://www.databricks.com/product/pricing/foundation-model-serving,,,,,,,,,,,,,,,,,,,,,,,,,,,,,,,,
databricks/databricks-mixtral-8x7b-instruct,4096,4096,4096,0.0000005000,0.0000010000,databricks,chat,,,,https://www.databricks.com/product/pricing/foundation-model-serving,,,,,,,,,,,,,,,,,,,,,,,,,,,,,,,,
databricks/databricks-mpt-30b-instruct,8192,8192,8192,0.0000010000,0.0000010000,databricks,chat,,,,https://www.databricks.com/product/pricing/foundation-model-serving,,,,,,,,,,,,,,,,,,,,,,,,,,,,,,,,
databricks/databricks-mpt-7b-instruct,8192,8192,8192,0.0000005000,0.0000005000,databricks,chat,,,,https://www.databricks.com/product/pricing/foundation-model-serving,,,,,,,,,,,,,,,,,,,,,,,,,,,,,,,,
databricks/databricks-bge-large-en,512,512,,0.0000001000,0.0000000000,databricks,embedding,,,,https://www.databricks.com/product/pricing/foundation-model-serving,1024.0000000000,,,,,,,,,,,,,,,,,,,,,,,,,,,,,,,
